objectid,filename,youtubeid,title,creator,date,description,subject,location,latitude,longitude,source,identifier,type,format,language,rights,rightsstatement
coll001,test001.jpg,,"Administration Building, University of Idaho, No. 30",Pacific Photo Co.,1910-10-14,"Photographic postcard of the University of Idaho administration building in Moscow, Idaho.",universities;buildings;campuses;picture postcards,"Moscow, Idaho",46.725562,-117.009633,"PG 9, Postcard Collection, University of Idaho Library Special Collections and Archives",pg_9_12_01bl,Image;StillImage,image/jpeg,eng,Public domain,http://rightsstatements.org/vocab/NoC-US/1.0/
42073,042073.jpg,,Oranjemund. View of the town and the Orange River,,,Landscape pictures of mountains and planes in the Sperrgebiet,,,,,,,Image;StillImage,image/jpeg,eng,Namibia Institute of Architects,
42074,042074.jpg,,Sperrgebiet,Edda Schoedder,1980-01-01,Landscape pictures of mountains and planes in the Sperrgebiet,,,,,,,Image;StillImage,image/jpeg,eng,Namibia Institute of Architects,
42075,042075.jpg,,Sperrgebiet,Edda Schoedder,1980-01-01,Landscape pictures of mountains and planes in the Sperrgebiet,,,,,,,Image;StillImage,image/jpeg,eng,Namibia Institute of Architects,
42076,042076.jpg,,Sperrgebiet,Edda Schoedder,1980-01-01,Landscape pictures of mountains and planes in the Sperrgebiet,,,,,,,Image;StillImage,image/jpeg,eng,Namibia Institute of Architects,
42077,042077.jpg,,Sperrgebiet,Edda Schoedder,1980-01-01,Landscape pictures of mountains and planes in the Sperrgebiet,,,,,,,Image;StillImage,image/jpeg,eng,Namibia Institute of Architects,
42078,042078.jpg,,Sperrgebiet,Edda Schoedder,1980-01-01,Landscape pictures of mountains and planes in the Sperrgebiet,,,,,,,Image;StillImage,image/jpeg,eng,Namibia Institute of Architects,
42079,042079.jpg,,Sperrgebiet,Edda Schoedder,1980-01-01,Landscape pictures of mountains and planes in the Sperrgebiet,,,,,,,Image;StillImage,image/jpeg,eng,Namibia Institute of Architects,
42080,042080.jpg,,Sperrgebiet,Edda Schoedder,1980-01-01,Landscape pictures of mountains and planes in the Sperrgebiet,,,,,,,Image;StillImage,image/jpeg,eng,Namibia Institute of Architects,
42081,042081.jpg,,Sperrgebiet,Edda Schoedder,1980-01-01,Landscape pictures of mountains and planes in the Sperrgebiet,,,,,,,Image;StillImage,image/jpeg,eng,Namibia Institute of Architects,
42082,042082.jpg,,Sperrgebiet,Edda Schoedder,1980-01-01,Landscape pictures of mountains and planes in the Sperrgebiet,,,,,,,Image;StillImage,image/jpeg,eng,Namibia Institute of Architects,
42083,042083.jpg,,Sperrgebiet,Edda Schoedder,1980-01-01,Landscape pictures of mountains and planes in the Sperrgebiet,,,,,,,Image;StillImage,image/jpeg,eng,Namibia Institute of Architects,
42084,042084.jpg,,Sperrgebiet,Edda Schoedder,1980-01-01,Landscape pictures of mountains and planes in the Sperrgebiet,,,,,,,Image;StillImage,image/jpeg,eng,Namibia Institute of Architects,
42085,042085.jpg,,Sperrgebiet,Edda Schoedder,1980-01-01,Landscape pictures of mountains and planes in the Sperrgebiet,,,,,,,Image;StillImage,image/jpeg,eng,Namibia Institute of Architects,
42086,042086.jpg,,Sperrgebiet,Edda Schoedder,1980-01-01,Landscape pictures of mountains and planes in the Sperrgebiet,,,,,,,Image;StillImage,image/jpeg,eng,Namibia Institute of Architects,
42087,042087.jpg,,Sperrgebiet,Edda Schoedder,1980-01-01,Landscape pictures of mountains and planes in the Sperrgebiet,,,,,,,Image;StillImage,image/jpeg,eng,Namibia Institute of Architects,
42088,042088.jpg,,Sperrgebiet,Edda Schoedder,1980-01-01,Landscape pictures of mountains and planes in the Sperrgebiet,,,,,,,Image;StillImage,image/jpeg,eng,Namibia Institute of Architects,
42089,042089.jpg,,Sperrgebiet,Edda Schoedder,1980-01-01,Landscape pictures of mountains and planes in the Sperrgebiet,,,,,,,Image;StillImage,image/jpeg,eng,Namibia Institute of Architects,
42090,042090.jpg,,Sperrgebiet,Edda Schoedder,1980-01-01,Landscape pictures of mountains and planes in the Sperrgebiet,,,,,,,Image;StillImage,image/jpeg,eng,Namibia Institute of Architects,
42091,042091.jpg,,Sperrgebiet,Edda Schoedder,1980-01-01,Landscape pictures of mountains and planes in the Sperrgebiet,,,,,,,Image;StillImage,image/jpeg,eng,Namibia Institute of Architects,
42092,042092.jpg,,Sperrgebiet,Edda Schoedder,1980-01-01,Landscape pictures of mountains and planes in the Sperrgebiet,,,,,,,Image;StillImage,image/jpeg,eng,Namibia Institute of Architects,
42093,042093.jpg,,Sperrgebiet,Edda Schoedder,1980-01-01,Landscape pictures of mountains and planes in the Sperrgebiet,,,,,,,Image;StillImage,image/jpeg,eng,Namibia Institute of Architects,
42094,042094.jpg,,Sperrgebiet,Edda Schoedder,1980-01-01,Landscape pictures of mountains and planes in the Sperrgebiet,,,,,,,Image;StillImage,image/jpeg,eng,Namibia Institute of Architects,
42095,042095.jpg,,Sperrgebiet,Edda Schoedder,1980-01-01,Landscape pictures of mountains and planes in the Sperrgebiet,,,,,,,Image;StillImage,image/jpeg,eng,Namibia Institute of Architects,
42098,042098.jpg,,Sperrgebiet,Edda Schoedder,1980-01-01,Landscape pictures of mountains and planes in the Sperrgebiet,,,,,,,Image;StillImage,image/jpeg,eng,Namibia Institute of Architects,
42099,042099.jpg,,Sperrgebiet,Edda Schoedder,1980-01-01,Landscape pictures of mountains and planes in the Sperrgebiet,,,,,,,Image;StillImage,image/jpeg,eng,Namibia Institute of Architects,
42100,042100.jpg,,Sperrgebiet,Edda Schoedder,1980-01-01,Landscape pictures of mountains and planes in the Sperrgebiet,,,,,,,Image;StillImage,image/jpeg,eng,Namibia Institute of Architects,
42101,042101.jpg,,Sperrgebiet,Edda Schoedder,1980-01-01,Landscape pictures of mountains and planes in the Sperrgebiet,,,,,,,Image;StillImage,image/jpeg,eng,Namibia Institute of Architects,
42102,042102.jpg,,Sperrgebiet,Edda Schoedder,1980-01-01,Landscape pictures of mountains and planes in the Sperrgebiet,,,,,,,Image;StillImage,image/jpeg,eng,Namibia Institute of Architects,
42103,042103.jpg,,Sperrgebiet,Edda Schoedder,1980-01-01,Landscape pictures of mountains and planes in the Sperrgebiet,,,,,,,Image;StillImage,image/jpeg,eng,Namibia Institute of Architects,
42104,042104.jpg,,Sperrgebiet,Edda Schoedder,1980-01-01,Landscape pictures of mountains and planes in the Sperrgebiet,,,,,,,Image;StillImage,image/jpeg,eng,Namibia Institute of Architects,
42105,042105.jpg,,Sperrgebiet,Edda Schoedder,1980-01-01,Landscape pictures of mountains and planes in the Sperrgebiet,,,,,,,Image;StillImage,image/jpeg,eng,Namibia Institute of Architects,
42106,042106.jpg,,Sperrgebiet,Edda Schoedder,1980-01-01,Landscape pictures of mountains and planes in the Sperrgebiet,,,,,,,Image;StillImage,image/jpeg,eng,Namibia Institute of Architects,
42107,042107.jpg,,Sperrgebiet,Edda Schoedder,1980-01-01,Landscape pictures of mountains and planes in the Sperrgebiet,,,,,,,Image;StillImage,image/jpeg,eng,Namibia Institute of Architects,
42108,042108.jpg,,Sperrgebiet,Edda Schoedder,1980-01-01,Landscape pictures of mountains and planes in the Sperrgebiet,,,,,,,Image;StillImage,image/jpeg,eng,Namibia Institute of Architects,
42109,042109.jpg,,Sperrgebiet,Edda Schoedder,1980-01-01,Landscape pictures of mountains and planes in the Sperrgebiet,,,,,,,Image;StillImage,image/jpeg,eng,Namibia Institute of Architects,
42110,042110.jpg,,Sperrgebiet,Edda Schoedder,1980-01-01,Landscape pictures of mountains and planes in the Sperrgebiet,,,,,,,Image;StillImage,image/jpeg,eng,Namibia Institute of Architects,
42111,042111.jpg,,Sperrgebiet,Edda Schoedder,1980-01-01,Landscape pictures of mountains and planes in the Sperrgebiet,,,,,,,Image;StillImage,image/jpeg,eng,Namibia Institute of Architects,
42112,042112.jpg,,Sperrgebiet,Edda Schoedder,1980-01-01,Landscape pictures of mountains and planes in the Sperrgebiet,,,,,,,Image;StillImage,image/jpeg,eng,Namibia Institute of Architects,
42113,042113.jpg,,Sperrgebiet,Edda Schoedder,1980-01-01,Landscape pictures of mountains and planes in the Sperrgebiet,,,,,,,Image;StillImage,image/jpeg,eng,Namibia Institute of Architects,
42114,042114.jpg,,Elizabeth Bay. Ruins of old buildings,Edda Schoedder,1980-01-01,,,,,,,,Image;StillImage,image/jpeg,eng,Namibia Institute of Architects,
42115,042115.jpg,,Elizabeth Bay. Ruins of old buildings,Edda Schoedder,1980-01-01,,,,,,,,Image;StillImage,image/jpeg,eng,Namibia Institute of Architects,
42116,042116.jpg,,Elizabeth Bay. Ruins of old buildings,Edda Schoedder,1980-01-01,,,,,,,,Image;StillImage,image/jpeg,eng,Namibia Institute of Architects,
42117,042117.jpg,,Elizabeth Bay. Ruins of old buildings,Edda Schoedder,1980-01-01,,,,,,,,Image;StillImage,image/jpeg,eng,Namibia Institute of Architects,
42118,042118.jpg,,Elizabeth Bay. Ruins of old buildings,Edda Schoedder,1980-01-01,,,,,,,,Image;StillImage,image/jpeg,eng,Namibia Institute of Architects,
42119,042119.jpg,,Elizabeth Bay. Ruins of old buildings,Edda Schoedder,1980-01-01,,,,,,,,Image;StillImage,image/jpeg,eng,Namibia Institute of Architects,
42120,042120.jpg,,Elizabeth Bay. Ruins of old buildings,Edda Schoedder,1980-01-01,,,,,,,,Image;StillImage,image/jpeg,eng,Namibia Institute of Architects,
42121,042121.jpg,,Elizabeth Bay. Ruins of old buildings,Edda Schoedder,1980-01-01,,,,,,,,Image;StillImage,image/jpeg,eng,Namibia Institute of Architects,
42122,042122.jpg,,Elizabeth Bay. Ruins of old buildings,Edda Schoedder,1980-01-01,,,,,,,,Image;StillImage,image/jpeg,eng,Namibia Institute of Architects,
42123,042123.jpg,,Elizabeth Bay. Ruins of old buildings,Edda Schoedder,1980-01-01,,,,,,,,Image;StillImage,image/jpeg,eng,Namibia Institute of Architects,
42124,042124.jpg,,Elizabeth Bay. Ruins of old buildings,Edda Schoedder,1980-01-01,,,,,,,,Image;StillImage,image/jpeg,eng,Namibia Institute of Architects,
42125,042125.jpg,,Elizabeth Bay. Ruins of old buildings,Edda Schoedder,1980-01-01,,,,,,,,Image;StillImage,image/jpeg,eng,Namibia Institute of Architects,
42126,042126.jpg,,Elizabeth Bay. Ruins of old buildings,Edda Schoedder,1980-01-01,,,,,,,,Image;StillImage,image/jpeg,eng,Namibia Institute of Architects,
42127,042127.jpg,,Elizabeth Bay. Ruins of old buildings,Edda Schoedder,1980-01-01,,,,,,,,Image;StillImage,image/jpeg,eng,Namibia Institute of Architects,
42128,042128.jpg,,Elizabeth Bay. Ruins of old buildings,Edda Schoedder,1980-01-01,,,,,,,,Image;StillImage,image/jpeg,eng,Namibia Institute of Architects,
42129,042129.jpg,,Elizabeth Bay. Ruins of old buildings,Edda Schoedder,1980-01-01,,,,,,,,Image;StillImage,image/jpeg,eng,Namibia Institute of Architects,
42130,042130.jpg,,Elizabeth Bay. Ruins of old buildings,Edda Schoedder,1980-01-01,,,,,,,,Image;StillImage,image/jpeg,eng,Namibia Institute of Architects,
42131,042131.jpg,,Elizabeth Bay. Ruins of old buildings,Edda Schoedder,1980-01-01,,,,,,,,Image;StillImage,image/jpeg,eng,Namibia Institute of Architects,
42132,042132.jpg,,Elizabeth Bay. Ruins of old buildings,Edda Schoedder,1980-01-01,,,,,,,,Image;StillImage,image/jpeg,eng,Namibia Institute of Architects,
42133,042133.jpg,,Elizabeth Bay. Ruins of old buildings,Edda Schoedder,1980-01-01,,,,,,,,Image;StillImage,image/jpeg,eng,Namibia Institute of Architects,
42134,042134.jpg,,Elizabeth Bay. Ruins of old buildings,Edda Schoedder,1980-01-01,,,,,,,,Image;StillImage,image/jpeg,eng,Namibia Institute of Architects,
42135,042135.jpg,,Elizabeth Bay. Ruins of old buildings,Edda Schoedder,1980-01-01,,,,,,,,Image;StillImage,image/jpeg,eng,Namibia Institute of Architects,
42136,042136.jpg,,Elizabeth Bay. Ruins of old buildings,Edda Schoedder,1980-01-01,,,,,,,,Image;StillImage,image/jpeg,eng,Namibia Institute of Architects,
42137,042137.jpg,,Elizabeth Bay. Ruins of old buildings,Edda Schoedder,1980-01-01,,,,,,,,Image;StillImage,image/jpeg,eng,Namibia Institute of Architects,
42138,042138.jpg,,Elizabeth Bay. Ruins of old buildings,Edda Schoedder,1980-01-01,,,,,,,,Image;StillImage,image/jpeg,eng,Namibia Institute of Architects,
42139,042139.jpg,,Elizabeth Bay. Ruins of old buildings,Edda Schoedder,1980-01-01,,,,,,,,Image;StillImage,image/jpeg,eng,Namibia Institute of Architects,
42140,042140.jpg,,Elizabeth Bay. Ruins of old buildings,Edda Schoedder,1980-01-01,,,,,,,,Image;StillImage,image/jpeg,eng,Namibia Institute of Architects,
42141,042141.jpg,,Elizabeth Bay. Ruins of old buildings,Edda Schoedder,1980-01-01,,,,,,,,Image;StillImage,image/jpeg,eng,Namibia Institute of Architects,
42142,042142.jpg,,Elizabeth Bay. Ruins of old buildings,Edda Schoedder,1980-01-01,,,,,,,,Image;StillImage,image/jpeg,eng,Namibia Institute of Architects,
42143,042143.jpg,,Elizabeth Bay. Ruins of old buildings,Edda Schoedder,1980-01-01,,,,,,,,Image;StillImage,image/jpeg,eng,Namibia Institute of Architects,
42144,042144.jpg,,Elizabeth Bay. Ruins of old buildings,Edda Schoedder,1980-01-01,,,,,,,,Image;StillImage,image/jpeg,eng,Namibia Institute of Architects,
42145,042145.jpg,,Elizabeth Bay. Ruins of old buildings,Edda Schoedder,1980-01-01,,,,,,,,Image;StillImage,image/jpeg,eng,Namibia Institute of Architects,
42146,042146.jpg,,Elizabeth Bay. Ruins of old buildings,Edda Schoedder,1980-01-01,,,,,,,,Image;StillImage,image/jpeg,eng,Namibia Institute of Architects,
42147,042147.jpg,,Elizabeth Bay. Ruins of old buildings,Edda Schoedder,1980-01-01,,,,,,,,Image;StillImage,image/jpeg,eng,Namibia Institute of Architects,
42148,042148.jpg,,Elizabeth Bay. Ruins of old buildings,Edda Schoedder,1980-01-01,,,,,,,,Image;StillImage,image/jpeg,eng,Namibia Institute of Architects,
42149,042149.jpg,,Elizabeth Bay. Ruins of old buildings,Edda Schoedder,1980-01-01,,,,,,,,Image;StillImage,image/jpeg,eng,Namibia Institute of Architects,
42150,042150.jpg,,Elizabeth Bay. Ruins of old buildings,Edda Schoedder,1980-01-01,,,,,,,,Image;StillImage,image/jpeg,eng,Namibia Institute of Architects,
42151,042151.jpg,,Elizabeth Bay. Ruins of old buildings,Edda Schoedder,1980-01-01,,,,,,,,Image;StillImage,image/jpeg,eng,Namibia Institute of Architects,
42152,042152.jpg,,Elizabeth Bay. Ruins of old buildings,Edda Schoedder,1980-01-01,,,,,,,,Image;StillImage,image/jpeg,eng,Namibia Institute of Architects,
42153,042153.jpg,,Elizabeth Bay. Ruins of old buildings,Edda Schoedder,1980-01-01,,,,,,,,Image;StillImage,image/jpeg,eng,Namibia Institute of Architects,
42154,042154.jpg,,Elizabeth Bay. Ruins of old buildings,Edda Schoedder,1980-01-01,,,,,,,,Image;StillImage,image/jpeg,eng,Namibia Institute of Architects,
42155,042155.jpg,,Elizabeth Bay. Ruins of old buildings,Edda Schoedder,1980-01-01,,,,,,,,Image;StillImage,image/jpeg,eng,Namibia Institute of Architects,
42156,042156.jpg,,Elizabeth Bay. Ruins of old buildings,Edda Schoedder,1980-01-01,,,,,,,,Image;StillImage,image/jpeg,eng,Namibia Institute of Architects,
42157,042157.jpg,,Elizabeth Bay. Ruins of old buildings,Edda Schoedder,1980-01-01,,,,,,,,Image;StillImage,image/jpeg,eng,Namibia Institute of Architects,
42158,042158.jpg,,Elizabeth Bay. Ruins of old buildings,Edda Schoedder,1980-01-01,,,,,,,,Image;StillImage,image/jpeg,eng,Namibia Institute of Architects,
42159,042159.jpg,,Elizabeth Bay. Ruins of old buildings,Edda Schoedder,1980-01-01,,,,,,,,Image;StillImage,image/jpeg,eng,Namibia Institute of Architects,
42160,042160.jpg,,Elizabeth Bay. Ruins of old buildings,Edda Schoedder,1980-01-01,,,,,,,,Image;StillImage,image/jpeg,eng,Namibia Institute of Architects,
42161,042161.jpg,,Elizabeth Bay. Ruins of old buildings,Edda Schoedder,1980-01-01,,,,,,,,Image;StillImage,image/jpeg,eng,Namibia Institute of Architects,
42162,042162.jpg,,Elizabeth Bay. Ruins of old buildings,Edda Schoedder,1980-01-01,,,,,,,,Image;StillImage,image/jpeg,eng,Namibia Institute of Architects,
42163,042163.jpg,,Elizabeth Bay. Ruins of old buildings,Edda Schoedder,1980-01-01,,,,,,,,Image;StillImage,image/jpeg,eng,Namibia Institute of Architects,
42164,042164.jpg,,Elizabeth Bay. Ruins of old buildings,Edda Schoedder,1980-01-01,,,,,,,,Image;StillImage,image/jpeg,eng,Namibia Institute of Architects,
42165,042165.jpg,,Elizabeth Bay. Ruins of old buildings,Edda Schoedder,1980-01-01,,,,,,,,Image;StillImage,image/jpeg,eng,Namibia Institute of Architects,
42166,042166.jpg,,Elizabeth Bay. Ruins of old buildings,Edda Schoedder,1980-01-01,,,,,,,,Image;StillImage,image/jpeg,eng,Namibia Institute of Architects,
42167,042167.jpg,,Elizabeth Bay. Ruins of old buildings,Edda Schoedder,1980-01-01,,,,,,,,Image;StillImage,image/jpeg,eng,Namibia Institute of Architects,
42168,042168.jpg,,Elizabeth Bay. Ruins of old buildings,Edda Schoedder,1980-01-01,,,,,,,,Image;StillImage,image/jpeg,eng,Namibia Institute of Architects,
42169,042169.jpg,,Elizabeth Bay. Ruins of old buildings,Edda Schoedder,1980-01-01,,,,,,,,Image;StillImage,image/jpeg,eng,Namibia Institute of Architects,
42170,042170.jpg,,Elizabeth Bay. Ruins of old buildings,Edda Schoedder,1980-01-01,,,,,,,,Image;StillImage,image/jpeg,eng,Namibia Institute of Architects,
42171,042171.jpg,,Elizabeth Bay. Ruins of old buildings,Edda Schoedder,1980-01-01,,,,,,,,Image;StillImage,image/jpeg,eng,Namibia Institute of Architects,
42172,042172.jpg,,Elizabeth Bay. Ruins of old buildings,Edda Schoedder,1980-01-01,,,,,,,,Image;StillImage,image/jpeg,eng,Namibia Institute of Architects,
42173,042173.jpg,,Elizabeth Bay. Ruins of old buildings,Edda Schoedder,1980-01-01,,,,,,,,Image;StillImage,image/jpeg,eng,Namibia Institute of Architects,
42096,042096.jpg,,Sperrgebiet. Bogenfels,Edda Schoedder,1980-01-01,,,,,,,,Image;StillImage,image/jpeg,eng,Namibia Institute of Architects,
42097,042097.jpg,,Sperrgebiet. Bogenfels,Edda Schoedder,1980-01-01,,,,,,,,Image;StillImage,image/jpeg,eng,Namibia Institute of Architects,
42098,042098.jpg,,Sperrgebiet. Bogenfels,Edda Schoedder,1980-01-01,,,,,,,,Image;StillImage,image/jpeg,eng,Namibia Institute of Architects,
42174,042174.jpg,,Charlottental. Ruins,Edda Schoedder,1980-01-01,Pictures of an old abandoned diamond mining town north east of L??deritz. Equipment as it was left by the miners,,,,,,,Image;StillImage,image/jpeg,eng,Namibia Institute of Architects,
42175,042175.jpg,,Charlottental. Ruins,Edda Schoedder,1980-01-01,Pictures of an old abandoned diamond mining town north east of L??deritz. Equipment as it was left by the miners,,,,,,,Image;StillImage,image/jpeg,eng,Namibia Institute of Architects,
42176,042176.jpg,,Charlottental. Ruins,Edda Schoedder,1980-01-01,Pictures of an old abandoned diamond mining town north east of L??deritz. Equipment as it was left by the miners,,,,,,,Image;StillImage,image/jpeg,eng,Namibia Institute of Architects,
42177,042177.jpg,,Charlottental. Ruins,Edda Schoedder,1980-01-01,Pictures of an old abandoned diamond mining town north east of L??deritz. Equipment as it was left by the miners,,,,,,,Image;StillImage,image/jpeg,eng,Namibia Institute of Architects,
42178,042178.jpg,,Charlottental. Ruins,Edda Schoedder,1980-01-01,Pictures of an old abandoned diamond mining town north east of L??deritz. Equipment as it was left by the miners,,,,,,,Image;StillImage,image/jpeg,eng,Namibia Institute of Architects,
42179,042179.jpg,,Charlottental. Ruins,Edda Schoedder,1980-01-01,Pictures of an old abandoned diamond mining town north east of L??deritz. Equipment as it was left by the miners,,,,,,,Image;StillImage,image/jpeg,eng,Namibia Institute of Architects,
42180,042180.jpg,,Charlottental. Ruins,Edda Schoedder,1980-01-01,Pictures of an old abandoned diamond mining town north east of L??deritz. Equipment as it was left by the miners,,,,,,,Image;StillImage,image/jpeg,eng,Namibia Institute of Architects,
42181,042181.jpg,,Charlottental. Ruins,Edda Schoedder,1980-01-01,Pictures of an old abandoned diamond mining town north east of L??deritz. Equipment as it was left by the miners,,,,,,,Image;StillImage,image/jpeg,eng,Namibia Institute of Architects,
42182,042182.jpg,,Charlottental. Ruins,Edda Schoedder,1980-01-01,Pictures of an old abandoned diamond mining town north east of L??deritz. Equipment as it was left by the miners,,,,,,,Image;StillImage,image/jpeg,eng,Namibia Institute of Architects,
42183,042183.jpg,,Charlottental. Ruins,Edda Schoedder,1980-01-01,Pictures of an old abandoned diamond mining town north east of L??deritz. Equipment as it was left by the miners,,,,,,,Image;StillImage,image/jpeg,eng,Namibia Institute of Architects,
42184,042184.jpg,,Charlottental. Ruins,Edda Schoedder,1980-01-01,Pictures of an old abandoned diamond mining town north east of L??deritz. Equipment as it was left by the miners,,,,,,,Image;StillImage,image/jpeg,eng,Namibia Institute of Architects,
42185,042185.jpg,,Charlottental. Ruins,Edda Schoedder,1980-01-01,Pictures of an old abandoned diamond mining town north east of L??deritz. Equipment as it was left by the miners,,,,,,,Image;StillImage,image/jpeg,eng,Namibia Institute of Architects,
42186,042186.jpg,,Charlottental. Ruins,Edda Schoedder,1980-01-01,Pictures of an old abandoned diamond mining town north east of L??deritz. Equipment as it was left by the miners,,,,,,,Image;StillImage,image/jpeg,eng,Namibia Institute of Architects,
42187,042187.jpg,,Charlottental. Ruins,Edda Schoedder,1980-01-01,Pictures of an old abandoned diamond mining town north east of L??deritz. Equipment as it was left by the miners,,,,,,,Image;StillImage,image/jpeg,eng,Namibia Institute of Architects,
42188,042188.jpg,,Charlottental. Ruins,Edda Schoedder,1980-01-01,Pictures of an old abandoned diamond mining town north east of L??deritz. Equipment as it was left by the miners,,,,,,,Image;StillImage,image/jpeg,eng,Namibia Institute of Architects,
42189,042189.jpg,,Charlottental. Ruins,Edda Schoedder,1980-01-01,Pictures of an old abandoned diamond mining town north east of L??deritz. Equipment as it was left by the miners,,,,,,,Image;StillImage,image/jpeg,eng,Namibia Institute of Architects,
42190,042190.jpg,,Charlottental. Ruins,Edda Schoedder,1980-01-01,Pictures of an old abandoned diamond mining town north east of L??deritz. Equipment as it was left by the miners,,,,,,,Image;StillImage,image/jpeg,eng,Namibia Institute of Architects,
42191,042191.jpg,,Charlottental. Ruins,Edda Schoedder,1980-01-01,Pictures of an old abandoned diamond mining town north east of L??deritz. Equipment as it was left by the miners,,,,,,,Image;StillImage,image/jpeg,eng,Namibia Institute of Architects,
42192,042192.jpg,,Charlottental. Ruins,Edda Schoedder,1980-01-01,Pictures of an old abandoned diamond mining town north east of L??deritz. Equipment as it was left by the miners,,,,,,,Image;StillImage,image/jpeg,eng,Namibia Institute of Architects,
42193,042193.jpg,,Charlottental. Ruins,Edda Schoedder,1980-01-01,Pictures of an old abandoned diamond mining town north east of L??deritz. Equipment as it was left by the miners,,,,,,,Image;StillImage,image/jpeg,eng,Namibia Institute of Architects,
42194,042194.jpg,,Charlottental. Ruins,Edda Schoedder,1980-01-01,Pictures of an old abandoned diamond mining town north east of L??deritz. Equipment as it was left by the miners,,,,,,,Image;StillImage,image/jpeg,eng,Namibia Institute of Architects,
42195,042195.jpg,,Charlottental. Ruins,Edda Schoedder,1980-01-01,Pictures of an old abandoned diamond mining town north east of L??deritz. Equipment as it was left by the miners,,,,,,,Image;StillImage,image/jpeg,eng,Namibia Institute of Architects,
42196,042196.jpg,,Charlottental. Ruins,Edda Schoedder,1980-01-01,Pictures of an old abandoned diamond mining town north east of L??deritz. Equipment as it was left by the miners,,,,,,,Image;StillImage,image/jpeg,eng,Namibia Institute of Architects,
42197,042197.jpg,,Charlottental. Ruins,Edda Schoedder,1980-01-01,Pictures of an old abandoned diamond mining town north east of L??deritz. Equipment as it was left by the miners,,,,,,,Image;StillImage,image/jpeg,eng,Namibia Institute of Architects,
42198,042198.jpg,,Charlottental. Ruins,Edda Schoedder,1980-01-01,Pictures of an old abandoned diamond mining town north east of L??deritz. Equipment as it was left by the miners,,,,,,,Image;StillImage,image/jpeg,eng,Namibia Institute of Architects,
42199,042199.jpg,,Charlottental. Ruins,Edda Schoedder,1980-01-01,Pictures of an old abandoned diamond mining town north east of L??deritz. Equipment as it was left by the miners,,,,,,,Image;StillImage,image/jpeg,eng,Namibia Institute of Architects,
42200,042200.jpg,,Charlottental. Ruins,Edda Schoedder,1980-01-01,Pictures of an old abandoned diamond mining town north east of L??deritz. Equipment as it was left by the miners,,,,,,,Image;StillImage,image/jpeg,eng,Namibia Institute of Architects,
42201,042201.jpg,,Charlottental. Ruins,Edda Schoedder,1980-01-01,Pictures of an old abandoned diamond mining town north east of L??deritz. Equipment as it was left by the miners,,,,,,,Image;StillImage,image/jpeg,eng,Namibia Institute of Architects,
42202,042202.jpg,,Charlottental. Ruins,Edda Schoedder,1980-01-01,Pictures of an old abandoned diamond mining town north east of L??deritz. Equipment as it was left by the miners,,,,,,,Image;StillImage,image/jpeg,eng,Namibia Institute of Architects,
42203,042203.jpg,,Charlottental. Ruins,Edda Schoedder,1980-01-01,Pictures of an old abandoned diamond mining town north east of L??deritz. Equipment as it was left by the miners,,,,,,,Image;StillImage,image/jpeg,eng,Namibia Institute of Architects,
42204,042204.jpg,,Charlottental. Ruins,Edda Schoedder,1980-01-01,Pictures of an old abandoned diamond mining town north east of L??deritz. Equipment as it was left by the miners,,,,,,,Image;StillImage,image/jpeg,eng,Namibia Institute of Architects,
42205,042205.jpg,,Charlottental. Ruins,Edda Schoedder,1980-01-01,,,,,,,,Image;StillImage,image/jpeg,eng,Namibia Institute of Architects,
42206,042206.jpg,,Namib Desert. Maltah├Âhe,Edda Schoedder,1980-01-01,Randgebirge and desert,,,,,,,Image;StillImage,image/jpeg,eng,Namibia Institute of Architects,
42207,042207.jpg,,Namib Desert. Maltah├Âhe,Edda Schoedder,1980-01-01,Randgebirge and desert,,,,,,,Image;StillImage,image/jpeg,eng,Namibia Institute of Architects,
42208,042208.jpg,,Namib Desert. Maltah├Âhe,Edda Schoedder,1980-01-01,Randgebirge and desert,,,,,,,Image;StillImage,image/jpeg,eng,Namibia Institute of Architects,
42209,042209.jpg,,Namib Desert. Maltah├Âhe,Edda Schoedder,1980-01-01,Randgebirge and desert,,,,,,,Image;StillImage,image/jpeg,eng,Namibia Institute of Architects,
42210,042210.jpg,,Namib Desert. Maltah├Âhe,Edda Schoedder,1980-01-01,Randgebirge and desert,,,,,,,Image;StillImage,image/jpeg,eng,Namibia Institute of Architects,
42211,042211.jpg,,Namib Desert. Maltah├Âhe,Edda Schoedder,1980-01-01,Randgebirge and desert,,,,,,,Image;StillImage,image/jpeg,eng,Namibia Institute of Architects,
42212,042212.jpg,,Namib Desert. Maltah├Âhe,Edda Schoedder,1980-01-01,Randgebirge and desert,,,,,,,Image;StillImage,image/jpeg,eng,Namibia Institute of Architects,
42213,042213.jpg,,Namib Desert. Maltah├Âhe,Edda Schoedder,1980-01-01,Randgebirge and desert,,,,,,,Image;StillImage,image/jpeg,eng,Namibia Institute of Architects,
42214,042214.jpg,,Namib Desert. Maltah├Âhe,Edda Schoedder,1980-01-01,Randgebirge and desert,,,,,,,Image;StillImage,image/jpeg,eng,Namibia Institute of Architects,
42215,042215.jpg,,Namib Desert. Maltah├Âhe,Edda Schoedder,1980-01-01,Randgebirge and desert,,,,,,,Image;StillImage,image/jpeg,eng,Namibia Institute of Architects,
42216,042216.jpg,,Namib Desert. Maltah├Âhe,Edda Schoedder,1980-01-01,Randgebirge and desert,,,,,,,Image;StillImage,image/jpeg,eng,Namibia Institute of Architects,
42217,042217.jpg,,Namib Desert. Maltah├Âhe,Edda Schoedder,1980-01-01,Randgebirge and desert,,,,,,,Image;StillImage,image/jpeg,eng,Namibia Institute of Architects,
42218,042218.jpg,,Namib Desert. Maltah├Âhe,Edda Schoedder,1980-01-01,Randgebirge and desert,,,,,,,Image;StillImage,image/jpeg,eng,Namibia Institute of Architects,
42219,042219.jpg,,Namib Desert. Maltah├Âhe,Edda Schoedder,1980-01-01,Randgebirge and desert,,,,,,,Image;StillImage,image/jpeg,eng,Namibia Institute of Architects,
42220,042220.jpg,,Namib Desert. Maltah├Âhe,Edda Schoedder,1980-01-01,Randgebirge and desert,,,,,,,Image;StillImage,image/jpeg,eng,Namibia Institute of Architects,
42221,042221.jpg,,Namib Desert. Maltah├Âhe,Edda Schoedder,1980-01-01,Randgebirge and desert,,,,,,,Image;StillImage,image/jpeg,eng,Namibia Institute of Architects,
42222,042222.jpg,,Namib Desert. Maltah├Âhe,Edda Schoedder,1980-01-01,Randgebirge and desert,,,,,,,Image;StillImage,image/jpeg,eng,Namibia Institute of Architects,
42223,042223.jpg,,Namib Desert. Maltah├Âhe,Edda Schoedder,1980-01-01,Randgebirge and desert,,,,,,,Image;StillImage,image/jpeg,eng,Namibia Institute of Architects,
42224,042224.jpg,,Namib Desert. Maltah├Âhe,Edda Schoedder,1980-01-01,Randgebirge and desert,,,,,,,Image;StillImage,image/jpeg,eng,Namibia Institute of Architects,
42225,042225.jpg,,Namib Desert. Maltah├Âhe,Edda Schoedder,1980-01-01,Randgebirge and desert,,,,,,,Image;StillImage,image/jpeg,eng,Namibia Institute of Architects,
42226,042226.jpg,,Namib Desert. Maltah├Âhe,Edda Schoedder,1980-01-01,Randgebirge and desert,,,,,,,Image;StillImage,image/jpeg,eng,Namibia Institute of Architects,
42227,042227.jpg,,Namib Desert. Maltah├Âhe,Edda Schoedder,1980-01-01,Randgebirge and desert,,,,,,,Image;StillImage,image/jpeg,eng,Namibia Institute of Architects,
42228,042228.jpg,,Namib Desert. Maltah├Âhe,Edda Schoedder,1980-01-01,Randgebirge and desert,,,,,,,Image;StillImage,image/jpeg,eng,Namibia Institute of Architects,
42229,042229.jpg,,Namib Desert. Maltah├Âhe,Edda Schoedder,1980-01-01,Randgebirge and desert,,,,,,,Image;StillImage,image/jpeg,eng,Namibia Institute of Architects,
42230,042230.jpg,,Namib Desert. Maltah├Âhe,Edda Schoedder,1980-01-01,Randgebirge and desert,,,,,,,Image;StillImage,image/jpeg,eng,Namibia Institute of Architects,
42231,042231.jpg,,Namib Desert. Maltah├Âhe,Edda Schoedder,1980-01-01,Randgebirge and desert,,,,,,,Image;StillImage,image/jpeg,eng,Namibia Institute of Architects,
42232,042232.jpg,,Namib Desert. Maltah├Âhe,Edda Schoedder,1980-01-01,Randgebirge and desert,,,,,,,Image;StillImage,image/jpeg,eng,Namibia Institute of Architects,
42233,042233.jpg,,Namib Desert. Maltah├Âhe,Edda Schoedder,1980-01-01,Randgebirge and desert,,,,,,,Image;StillImage,image/jpeg,eng,Namibia Institute of Architects,
42234,042234.jpg,,Namib Desert. Maltah├Âhe,Edda Schoedder,1980-01-01,Randgebirge and desert,,,,,,,Image;StillImage,image/jpeg,eng,Namibia Institute of Architects,
42235,042235.jpg,,Namib Desert. Maltah├Âhe,Edda Schoedder,1980-01-01,Randgebirge and desert,,,,,,,Image;StillImage,image/jpeg,eng,Namibia Institute of Architects,
42236,042236.jpg,,Namib Desert. Maltah├Âhe,Edda Schoedder,1980-01-01,Randgebirge and desert,,,,,,,Image;StillImage,image/jpeg,eng,Namibia Institute of Architects,
42237,042237.jpg,,Namib Desert. Maltah├Âhe,Edda Schoedder,1980-01-01,Randgebirge and desert,,,,,,,Image;StillImage,image/jpeg,eng,Namibia Institute of Architects,
42238,042238.jpg,,Namib Desert. Maltah├Âhe,Edda Schoedder,1980-01-01,Randgebirge and desert,,,,,,,Image;StillImage,image/jpeg,eng,Namibia Institute of Architects,
42239,042239.jpg,,Namib Desert. Maltah├Âhe,Edda Schoedder,1980-01-01,,,,,,,,Image;StillImage,image/jpeg,eng,Namibia Institute of Architects,
42240,042240.jpg,,Namib Desert and Sossusvlei,Edda Schoedder,1980-01-01,Aerial photos of parts of the Karas Region,,,,,,,Image;StillImage,image/jpeg,eng,Namibia Institute of Architects,
42241,042241.jpg,,Namib Desert and Sossusvlei,Edda Schoedder,1980-01-01,Aerial photos of parts of the Karas Region,,,,,,,Image;StillImage,image/jpeg,eng,Namibia Institute of Architects,
42242,042242.jpg,,Namib Desert and Sossusvlei,Edda Schoedder,1980-01-01,Aerial photos of parts of the Karas Region,,,,,,,Image;StillImage,image/jpeg,eng,Namibia Institute of Architects,
42243,042243.jpg,,Namib Desert and Sossusvlei,Edda Schoedder,1980-01-01,Aerial photos of parts of the Karas Region,,,,,,,Image;StillImage,image/jpeg,eng,Namibia Institute of Architects,
42244,042244.jpg,,Namib Desert and Sossusvlei,Edda Schoedder,1980-01-01,Aerial photos of parts of the Karas Region,,,,,,,Image;StillImage,image/jpeg,eng,Namibia Institute of Architects,
42245,042245.jpg,,Namib Desert and Sossusvlei,Edda Schoedder,1980-01-01,Aerial photos of parts of the Karas Region,,,,,,,Image;StillImage,image/jpeg,eng,Namibia Institute of Architects,
42246,042246.jpg,,Namib Desert and Sossusvlei,Edda Schoedder,1980-01-01,Aerial photos of parts of the Karas Region,,,,,,,Image;StillImage,image/jpeg,eng,Namibia Institute of Architects,
42247,042247.jpg,,Namib Desert and Sossusvlei,Edda Schoedder,1980-01-01,Aerial photos of parts of the Karas Region,,,,,,,Image;StillImage,image/jpeg,eng,Namibia Institute of Architects,
42248,042248.jpg,,Namib Desert and Sossusvlei,Edda Schoedder,1980-01-01,Aerial photos of parts of the Karas Region,,,,,,,Image;StillImage,image/jpeg,eng,Namibia Institute of Architects,
42249,042249.jpg,,Namib Desert and Sossusvlei,Edda Schoedder,1980-01-01,Aerial photos of parts of the Karas Region,,,,,,,Image;StillImage,image/jpeg,eng,Namibia Institute of Architects,
42250,042250.jpg,,Namib Desert and Sossusvlei,Edda Schoedder,1980-01-01,Aerial photos of parts of the Karas Region,,,,,,,Image;StillImage,image/jpeg,eng,Namibia Institute of Architects,
42251,042251.jpg,,Namib Desert and Sossusvlei,Edda Schoedder,1980-01-01,Aerial photos of parts of the Karas Region,,,,,,,Image;StillImage,image/jpeg,eng,Namibia Institute of Architects,
42252,042252.jpg,,Namib Desert and Sossusvlei,Edda Schoedder,1980-01-01,Aerial photos of parts of the Karas Region,,,,,,,Image;StillImage,image/jpeg,eng,Namibia Institute of Architects,
42253,042253.jpg,,Namib Desert and Sossusvlei,Edda Schoedder,1980-01-01,Aerial photos of parts of the Karas Region,,,,,,,Image;StillImage,image/jpeg,eng,Namibia Institute of Architects,
42254,042254.jpg,,Namib Desert and Sossusvlei,Edda Schoedder,1980-01-01,Aerial photos of parts of the Karas Region,,,,,,,Image;StillImage,image/jpeg,eng,Namibia Institute of Architects,
42255,042255.jpg,,Namib Desert and Sossusvlei,Edda Schoedder,1980-01-01,Aerial photos of parts of the Karas Region,,,,,,,Image;StillImage,image/jpeg,eng,Namibia Institute of Architects,
42256,042256.jpg,,Namib Desert and Sossusvlei,Edda Schoedder,1980-01-01,Aerial photos of parts of the Karas Region,,,,,,,Image;StillImage,image/jpeg,eng,Namibia Institute of Architects,
42257,042257.jpg,,Namib Desert and Sossusvlei,Edda Schoedder,1980-01-01,Aerial photos of parts of the Karas Region,,,,,,,Image;StillImage,image/jpeg,eng,Namibia Institute of Architects,
42258,042258.jpg,,Namib Desert and Sossusvlei,Edda Schoedder,1980-01-01,Aerial photos of parts of the Karas Region,,,,,,,Image;StillImage,image/jpeg,eng,Namibia Institute of Architects,
42259,042259.jpg,,Namib Desert and Sossusvlei,Edda Schoedder,1980-01-01,Aerial photos of parts of the Karas Region,,,,,,,Image;StillImage,image/jpeg,eng,Namibia Institute of Architects,
42260,042260.jpg,,Namib Desert and Sossusvlei,Edda Schoedder,1980-01-01,Aerial photos of parts of the Karas Region,,,,,,,Image;StillImage,image/jpeg,eng,Namibia Institute of Architects,
42261,042261.jpg,,Namib Desert and Sossusvlei,Edda Schoedder,1980-01-01,Aerial photos of parts of the Karas Region,,,,,,,Image;StillImage,image/jpeg,eng,Namibia Institute of Architects,
42262,042262.jpg,,Namib Desert and Sossusvlei,Edda Schoedder,1980-01-01,Aerial photos of parts of the Karas Region,,,,,,,Image;StillImage,image/jpeg,eng,Namibia Institute of Architects,
42263,042263.jpg,,Namib Desert and Sossusvlei,Edda Schoedder,1980-01-01,Aerial photos of parts of the Karas Region,,,,,,,Image;StillImage,image/jpeg,eng,Namibia Institute of Architects,
42264,042264.jpg,,Namib Desert and Sossusvlei,Edda Schoedder,1980-01-01,Aerial photos of parts of the Karas Region,,,,,,,Image;StillImage,image/jpeg,eng,Namibia Institute of Architects,
42265,042265.jpg,,Namib Desert and Sossusvlei,Edda Schoedder,1980-01-01,Aerial photos of parts of the Karas Region,,,,,,,Image;StillImage,image/jpeg,eng,Namibia Institute of Architects,
42266,042266.jpg,,Namib Desert and Sossusvlei,Edda Schoedder,1980-01-01,Aerial photos of parts of the Karas Region,,,,,,,Image;StillImage,image/jpeg,eng,Namibia Institute of Architects,
42267,042267.jpg,,Namib Desert and Sossusvlei,Edda Schoedder,1980-01-01,Aerial photos of parts of the Karas Region,,,,,,,Image;StillImage,image/jpeg,eng,Namibia Institute of Architects,
42268,042268.jpg,,Namib Desert and Sossusvlei,Edda Schoedder,1980-01-01,Aerial photos of parts of the Karas Region,,,,,,,Image;StillImage,image/jpeg,eng,Namibia Institute of Architects,
42269,042269.jpg,,Namib Desert and Sossusvlei,Edda Schoedder,1980-01-01,Aerial photos of parts of the Karas Region,,,,,,,Image;StillImage,image/jpeg,eng,Namibia Institute of Architects,
42270,042270.jpg,,Namib Desert and Sossusvlei,Edda Schoedder,1980-01-01,Aerial photos of parts of the Karas Region,,,,,,,Image;StillImage,image/jpeg,eng,Namibia Institute of Architects,
42271,042271.jpg,,Namib Desert and Sossusvlei,Edda Schoedder,1980-01-01,Aerial photos of parts of the Karas Region,,,,,,,Image;StillImage,image/jpeg,eng,Namibia Institute of Architects,
42272,042272.jpg,,Namib Desert and Sossusvlei,Edda Schoedder,1980-01-01,Aerial photos of parts of the Karas Region,,,,,,,Image;StillImage,image/jpeg,eng,Namibia Institute of Architects,
42273,042273.jpg,,Namib Desert and Sossusvlei,Edda Schoedder,1980-01-01,Aerial photos of parts of the Karas Region,,,,,,,Image;StillImage,image/jpeg,eng,Namibia Institute of Architects,
42274,042274.jpg,,Namib Desert and Sossusvlei,Edda Schoedder,1980-01-01,Aerial photos of parts of the Karas Region,,,,,,,Image;StillImage,image/jpeg,eng,Namibia Institute of Architects,
42275,042275.jpg,,Namib Desert and Sossusvlei,Edda Schoedder,1980-01-01,Aerial photos of parts of the Karas Region,,,,,,,Image;StillImage,image/jpeg,eng,Namibia Institute of Architects,
42276,042276.jpg,,Namib Desert and Sossusvlei,Edda Schoedder,1980-01-01,Aerial photos of parts of the Karas Region,,,,,,,Image;StillImage,image/jpeg,eng,Namibia Institute of Architects,
42277,042277.jpg,,Namib Desert and Sossusvlei,Edda Schoedder,1980-01-01,Aerial photos of parts of the Karas Region,,,,,,,Image;StillImage,image/jpeg,eng,Namibia Institute of Architects,
42278,042278.jpg,,Namib Desert and Sossusvlei,Edda Schoedder,1980-01-01,Aerial photos of parts of the Karas Region,,,,,,,Image;StillImage,image/jpeg,eng,Namibia Institute of Architects,
42279,042279.jpg,,Namib Desert and Sossusvlei,Edda Schoedder,1980-01-01,Aerial photos of parts of the Karas Region,,,,,,,Image;StillImage,image/jpeg,eng,Namibia Institute of Architects,
42280,042280.jpg,,Namib Desert and Sossusvlei,Edda Schoedder,1980-01-01,Aerial photos of parts of the Karas Region,,,,,,,Image;StillImage,image/jpeg,eng,Namibia Institute of Architects,
42281,042281.jpg,,Namib Desert and Sossusvlei,Edda Schoedder,1980-01-01,Aerial photos of parts of the Karas Region,,,,,,,Image;StillImage,image/jpeg,eng,Namibia Institute of Architects,
42282,042282.jpg,,Namib Desert and Sossusvlei,Edda Schoedder,1980-01-01,,,,,,,,Image;StillImage,image/jpeg,eng,Namibia Institute of Architects,
,,,,,1980-01-01,,,,,,,,Image;StillImage,image/jpeg,eng,Namibia Institute of Architects,
42283,042283.jpg,,Warmbad and Ukamas,Edda Schoedder,1980-01-01,,,,,,,,Image;StillImage,image/jpeg,eng,Namibia Institute of Architects,
42284,042284.jpg,,Warmbad and Ukamas,Edda Schoedder,1980-01-01,,,,,,,,Image;StillImage,image/jpeg,eng,Namibia Institute of Architects,
42286,042286.jpg,,Warmbad and Ukamas,Edda Schoedder,1980-01-01,,,,,,,,Image;StillImage,image/jpeg,eng,Namibia Institute of Architects,
42287,042287.jpg,,Warmbad and Ukamas,Edda Schoedder,1980-01-01,,,,,,,,Image;StillImage,image/jpeg,eng,Namibia Institute of Architects,
42288,042288.jpg,,Warmbad and Ukamas,Edda Schoedder,1980-01-01,,,,,,,,Image;StillImage,image/jpeg,eng,Namibia Institute of Architects,
42289,042289.jpg,,Warmbad and Ukamas,Edda Schoedder,1980-01-01,,,,,,,,Image;StillImage,image/jpeg,eng,Namibia Institute of Architects,
42290,042290.jpg,,Warmbad and Ukamas,Edda Schoedder,1980-01-01,,,,,,,,Image;StillImage,image/jpeg,eng,Namibia Institute of Architects,
42291,042291.jpg,,Warmbad and Ukamas,Edda Schoedder,1980-01-01,,,,,,,,Image;StillImage,image/jpeg,eng,Namibia Institute of Architects,
42292,042292.jpg,,Warmbad and Ukamas,Edda Schoedder,1980-01-01,,,,,,,,Image;StillImage,image/jpeg,eng,Namibia Institute of Architects,
42293,042293.jpg,,Warmbad and Ukamas,Edda Schoedder,1980-01-01,,,,,,,,Image;StillImage,image/jpeg,eng,Namibia Institute of Architects,
42294,042294.jpg,,Warmbad and Ukamas,Edda Schoedder,1980-01-01,,,,,,,,Image;StillImage,image/jpeg,eng,Namibia Institute of Architects,
42295,042295.jpg,,Warmbad and Ukamas,Edda Schoedder,1980-01-01,,,,,,,,Image;StillImage,image/jpeg,eng,Namibia Institute of Architects,
42296,042296.jpg,,Warmbad and Ukamas,Edda Schoedder,1980-01-01,,,,,,,,Image;StillImage,image/jpeg,eng,Namibia Institute of Architects,
42297,042297.jpg,,Warmbad and Ukamas,Edda Schoedder,1980-01-01,,,,,,,,Image;StillImage,image/jpeg,eng,Namibia Institute of Architects,
42298,042298.jpg,,Warmbad and Ukamas,Edda Schoedder,1980-01-01,,,,,,,,Image;StillImage,image/jpeg,eng,Namibia Institute of Architects,
42299,042299.jpg,,Warmbad and Ukamas,Edda Schoedder,1980-01-01,,,,,,,,Image;StillImage,image/jpeg,eng,Namibia Institute of Architects,
42300,042300.jpg,,Warmbad and Ukamas,Edda Schoedder,1980-01-01,,,,,,,,Image;StillImage,image/jpeg,eng,Namibia Institute of Architects,
42301,042301.jpg,,Warmbad and Ukamas,Edda Schoedder,1980-01-01,,,,,,,,Image;StillImage,image/jpeg,eng,Namibia Institute of Architects,
42302,042302.jpg,,Warmbad and Ukamas,Edda Schoedder,1980-01-01,,,,,,,,Image;StillImage,image/jpeg,eng,Namibia Institute of Architects,
42303,042303.jpg,,Warmbad and Ukamas,Edda Schoedder,1980-01-01,,,,,,,,Image;StillImage,image/jpeg,eng,,
42304,042304.jpg,,Warmbad and Ukamas,Edda Schoedder,1980-01-01,,,,,,,,Image;StillImage,image/jpeg,eng,,
42305,042305.jpg,,Warmbad and Ukamas,Edda Schoedder,1980-01-01,,,,,,,,Image;StillImage,image/jpeg,eng,,
,,,,,1980-01-01,Pictures of the island mountain in the Namibia Desert. Also called Garub Mountain or Dickwillem,,,,,,,Image;StillImage,image/jpeg,eng,,
42306,042306.jpg,,Dicke Wilhelm Mountain,Edda Schoedder,1980-01-01,Pictures of the island mountain in the Namibia Desert. Also called Garub Mountain or Dickwillem,,,,,,,Image;StillImage,image/jpeg,eng,,
42307,042307.jpg,,Dicke Wilhelm Mountain,Edda Schoedder,1980-01-01,Pictures of the island mountain in the Namibia Desert. Also called Garub Mountain or Dickwillem,,,,,,,Image;StillImage,image/jpeg,eng,,
42308,042308.jpg,,Dicke Wilhelm Mountain,Edda Schoedder,1980-01-01,Pictures of the island mountain in the Namibia Desert. Also called Garub Mountain or Dickwillem,,,,,,,Image;StillImage,image/jpeg,eng,,
42309,042309.jpg,,Dicke Wilhelm Mountain,Edda Schoedder,1980-01-01,Pictures of the island mountain in the Namibia Desert. Also called Garub Mountain or Dickwillem,,,,,,,Image;StillImage,image/jpeg,eng,,
42310,042310.jpg,,Dicke Wilhelm Mountain,Edda Schoedder,1980-01-01,Pictures of the island mountain in the Namibia Desert. Also called Garub Mountain or Dickwillem,,,,,,,Image;StillImage,image/jpeg,eng,,
42311,042311.jpg,,Dicke Wilhelm Mountain,Edda Schoedder,1980-01-01,Pictures of the island mountain in the Namibia Desert. Also called Garub Mountain or Dickwillem,,,,,,,Image;StillImage,image/jpeg,eng,,
42312,042312.jpg,,Dicke Wilhelm Mountain,Edda Schoedder,1980-01-01,Pictures of the island mountain in the Namibia Desert. Also called Garub Mountain or Dickwillem,,,,,,,Image;StillImage,image/jpeg,eng,,
42313,042313.jpg,,Dicke Wilhelm Mountain,Edda Schoedder,1980-01-01,Pictures of the island mountain in the Namibia Desert. Also called Garub Mountain or Dickwillem,,,,,,,Image;StillImage,image/jpeg,eng,,
42314,042314.jpg,,Dicke Wilhelm Mountain,Edda Schoedder,1980-01-01,Pictures of the island mountain in the Namibia Desert. Also called Garub Mountain or Dickwillem,,,,,,,Image;StillImage,image/jpeg,eng,,
42315,042315.jpg,,Dicke Wilhelm Mountain,Edda Schoedder,1980-01-01,Pictures of the island mountain in the Namibia Desert. Also called Garub Mountain or Dickwillem,,,,,,,Image;StillImage,image/jpeg,eng,,
42316,042316.jpg,,Dicke Wilhelm Mountain,Edda Schoedder,1980-01-01,Pictures of the island mountain in the Namibia Desert. Also called Garub Mountain or Dickwillem,,,,,,,Image;StillImage,image/jpeg,eng,,
42317,042317.jpg,,Dicke Wilhelm Mountain,Edda Schoedder,1980-01-01,Pictures of the island mountain in the Namibia Desert. Also called Garub Mountain or Dickwillem,,,,,,,Image;StillImage,image/jpeg,eng,,
42318,042318.jpg,,Dicke Wilhelm Mountain,Edda Schoedder,1980-01-01,Pictures of the island mountain in the Namibia Desert. Also called Garub Mountain or Dickwillem,,,,,,,Image;StillImage,image/jpeg,eng,,
42319,042319.jpg,,Dicke Wilhelm Mountain,Edda Schoedder,1980-01-01,Pictures of the island mountain in the Namibia Desert. Also called Garub Mountain or Dickwillem,,,,,,,Image;StillImage,image/jpeg,eng,,
42320,042320.jpg,,Dicke Wilhelm Mountain,Edda Schoedder,1980-01-01,Pictures of the island mountain in the Namibia Desert. Also called Garub Mountain or Dickwillem,,,,,,,Image;StillImage,image/jpeg,eng,,
42321,042321.jpg,,Dicke Wilhelm Mountain,Edda Schoedder,1980-01-01,Pictures of the island mountain in the Namibia Desert. Also called Garub Mountain or Dickwillem,,,,,,,Image;StillImage,image/jpeg,eng,,
42322,042322.jpg,,Dicke Wilhelm Mountain,Edda Schoedder,1980-01-01,Pictures of the island mountain in the Namibia Desert. Also called Garub Mountain or Dickwillem,,,,,,,Image;StillImage,image/jpeg,eng,,
42323,042323.jpg,,Dicke Wilhelm Mountain,Edda Schoedder,1980-01-01,Pictures of the island mountain in the Namibia Desert. Also called Garub Mountain or Dickwillem,,,,,,,Image;StillImage,image/jpeg,eng,,
42324,042324.jpg,,Dicke Wilhelm Mountain,Edda Schoedder,1980-01-01,Pictures of the island mountain in the Namibia Desert. Also called Garub Mountain or Dickwillem,,,,,,,Image;StillImage,image/jpeg,eng,,
42325,042325.jpg,,Dicke Wilhelm Mountain,Edda Schoedder,1980-01-01,Pictures of the island mountain in the Namibia Desert. Also called Garub Mountain or Dickwillem,,,,,,,Image;StillImage,image/jpeg,eng,,
42326,042326.jpg,,Dicke Wilhelm Mountain,Edda Schoedder,1980-01-01,Pictures of the island mountain in the Namibia Desert. Also called Garub Mountain or Dickwillem,,,,,,,Image;StillImage,image/jpeg,eng,,
42327,042327.jpg,,Dicke Wilhelm Mountain,Edda Schoedder,1980-01-01,Pictures of the island mountain in the Namibia Desert. Also called Garub Mountain or Dickwillem,,,,,,,Image;StillImage,image/jpeg,eng,,
42328,042328.jpg,,Dicke Wilhelm Mountain,Edda Schoedder,1980-01-01,Pictures of the island mountain in the Namibia Desert. Also called Garub Mountain or Dickwillem,,,,,,,Image;StillImage,image/jpeg,eng,,
42329,042329.jpg,,Dicke Wilhelm Mountain,Edda Schoedder,1980-01-01,Pictures of the island mountain in the Namibia Desert. Also called Garub Mountain or Dickwillem,,,,,,,Image;StillImage,image/jpeg,eng,,
42330,042330.jpg,,Dicke Wilhelm Mountain,Edda Schoedder,1980-01-01,Pictures of the island mountain in the Namibia Desert. Also called Garub Mountain or Dickwillem,,,,,,,Image;StillImage,image/jpeg,eng,,
42331,042331.jpg,,Dicke Wilhelm Mountain,Edda Schoedder,1980-01-01,Pictures of the island mountain in the Namibia Desert. Also called Garub Mountain or Dickwillem,,,,,,,Image;StillImage,image/jpeg,eng,,
42332,042332.jpg,,Dicke Wilhelm Mountain,Edda Schoedder,1980-01-01,Pictures of the island mountain in the Namibia Desert. Also called Garub Mountain or Dickwillem,,,,,,,Image;StillImage,image/jpeg,eng,,
42333,042333.jpg,,Dicke Wilhelm Mountain,Edda Schoedder,1980-01-01,Pictures of the island mountain in the Namibia Desert. Also called Garub Mountain or Dickwillem,,,,,,,Image;StillImage,image/jpeg,eng,,
42334,042334.jpg,,Dicke Wilhelm Mountain,Edda Schoedder,1980-01-01,Pictures of the island mountain in the Namibia Desert. Also called Garub Mountain or Dickwillem,,,,,,,Image;StillImage,image/jpeg,eng,,
42335,042335.jpg,,Dicke Wilhelm Mountain,Edda Schoedder,1980-01-01,Pictures of the island mountain in the Namibia Desert. Also called Garub Mountain or Dickwillem,,,,,,,Image;StillImage,image/jpeg,eng,,
42336,042336.jpg,,Dicke Wilhelm Mountain,Edda Schoedder,1980-01-01,Pictures of the island mountain in the Namibia Desert. Also called Garub Mountain or Dickwillem,,,,,,,Image;StillImage,image/jpeg,eng,,
42337,042337.jpg,,Dicke Wilhelm Mountain,Edda Schoedder,1980-01-01,Pictures of the island mountain in the Namibia Desert. Also called Garub Mountain or Dickwillem,,,,,,,Image;StillImage,image/jpeg,eng,,
42338,042338.jpg,,Dicke Wilhelm Mountain,Edda Schoedder,1980-01-01,Pictures of the island mountain in the Namibia Desert. Also called Garub Mountain or Dickwillem,,,,,,,Image;StillImage,image/jpeg,eng,,
42339,042339.jpg,,Dicke Wilhelm Mountain,Edda Schoedder,1980-01-01,Pictures of the island mountain in the Namibia Desert. Also called Garub Mountain or Dickwillem,,,,,,,Image;StillImage,image/jpeg,eng,,
42340,042340.jpg,,Dicke Wilhelm Mountain,Edda Schoedder,1980-01-01,Pictures of the island mountain in the Namibia Desert. Also called Garub Mountain or Dickwillem,,,,,,,Image;StillImage,image/jpeg,eng,,
42341,042341.jpg,,Dicke Wilhelm Mountain,Edda Schoedder,1980-01-01,Pictures of the island mountain in the Namibia Desert. Also called Garub Mountain or Dickwillem,,,,,,,Image;StillImage,image/jpeg,eng,,
42342,042342.jpg,,Dicke Wilhelm Mountain,Edda Schoedder,1980-01-01,Pictures of the island mountain in the Namibia Desert. Also called Garub Mountain or Dickwillem,,,,,,,Image;StillImage,image/jpeg,eng,,
42343,042343.jpg,,Dicke Wilhelm Mountain,Edda Schoedder,1980-01-01,Pictures of the island mountain in the Namibia Desert. Also called Garub Mountain or Dickwillem,,,,,,,Image;StillImage,image/jpeg,eng,,
42344,042344.jpg,,Dicke Wilhelm Mountain,Edda Schoedder,1980-01-01,Pictures of the island mountain in the Namibia Desert. Also called Garub Mountain or Dickwillem,,,,,,,Image;StillImage,image/jpeg,eng,,
42345,042345.jpg,,Dicke Wilhelm Mountain,Edda Schoedder,1980-01-01,Pictures of the island mountain in the Namibia Desert. Also called Garub Mountain or Dickwillem,,,,,,,Image;StillImage,image/jpeg,eng,,
42346,042346.jpg,,Dicke Wilhelm Mountain,Edda Schoedder,1980-01-01,Pictures of the island mountain in the Namibia Desert. Also called Garub Mountain or Dickwillem,,,,,,,Image;StillImage,image/jpeg,eng,,
42347,042347.jpg,,Dicke Wilhelm Mountain,Edda Schoedder,1980-01-01,Pictures of the island mountain in the Namibia Desert. Also called Garub Mountain or Dickwillem,,,,,,,Image;StillImage,image/jpeg,eng,,
42348,042348.jpg,,Dicke Wilhelm Mountain,Edda Schoedder,1980-01-01,Pictures of the island mountain in the Namibia Desert. Also called Garub Mountain or Dickwillem,,,,,,,Image;StillImage,image/jpeg,eng,,
42349,042349.jpg,,Dicke Wilhelm Mountain,Edda Schoedder,1980-01-01,,,,,,,,Image;StillImage,image/jpeg,eng,,
,,,,,1980-01-01,,,,,,,,Image;StillImage,image/jpeg,eng,,
42285,042285.jpg,,Mukorob or Finger of God,Edda Schoedder,1980-01-01,Mukorob,,,,,,,Image;StillImage,image/jpeg,eng,,
,,,,,,,,,,,,,Image;StillImage,image/jpeg,eng,,
,,,,,,,,,,,,,Image;StillImage,image/jpeg,eng,,
,,,,,,,,,,,,,Image;StillImage,image/jpeg,eng,,
,,,,,,,,,,,,,Image;StillImage,image/jpeg,eng,,
,,,,,,,,,,,,,Image;StillImage,image/jpeg,eng,,
,,,,,,,,,,,,,Image;StillImage,image/jpeg,eng,,
,,,,,,,,,,,,,Image;StillImage,image/jpeg,eng,,
,,,,,,,,,,,,,Image;StillImage,image/jpeg,eng,,
,,,,,,,,,,,,,Image;StillImage,image/jpeg,eng,,
,,,,,,,,,,,,,Image;StillImage,image/jpeg,eng,,
,,,,,,,,,,,,,Image;StillImage,image/jpeg,eng,,
,,,,,,,,,,,,,Image;StillImage,image/jpeg,eng,,
,,,,,,,,,,,,,Image;StillImage,image/jpeg,eng,,
,,,,,,,,,,,,,Image;StillImage,image/jpeg,eng,,
,,,,,,,,,,,,,Image;StillImage,image/jpeg,eng,,
,,,,,,,,,,,,,Image;StillImage,image/jpeg,eng,,
,,,,,,,,,,,,,Image;StillImage,image/jpeg,eng,,
,,,,,,,,,,,,,Image;StillImage,image/jpeg,eng,,
,,,,,,,,,,,,,Image;StillImage,image/jpeg,eng,,
,,,,,,,,,,,,,Image;StillImage,image/jpeg,eng,,
,,,,,,,,,,,,,Image;StillImage,image/jpeg,eng,,
,,,,,,,,,,,,,Image;StillImage,image/jpeg,eng,,
,,,,,,,,,,,,,Image;StillImage,image/jpeg,eng,,
,,,,,,,,,,,,,Image;StillImage,image/jpeg,eng,,
,,,,,,,,,,,,,Image;StillImage,image/jpeg,eng,,
,,,,,,,,,,,,,Image;StillImage,image/jpeg,eng,,
,,,,,,,,,,,,,Image;StillImage,image/jpeg,eng,,
,,,,,,,,,,,,,Image;StillImage,image/jpeg,eng,,
,,,,,,,,,,,,,Image;StillImage,image/jpeg,eng,,
,,,,,,,,,,,,,Image;StillImage,image/jpeg,eng,,
,,,,,,,,,,,,,Image;StillImage,image/jpeg,eng,,
,,,,,,,,,,,,,Image;StillImage,image/jpeg,eng,,
,,,,,,,,,,,,,Image;StillImage,image/jpeg,eng,,
,,,,,,,,,,,,,Image;StillImage,image/jpeg,eng,,
,,,,,,,,,,,,,Image;StillImage,image/jpeg,eng,,
,,,,,,,,,,,,,Image;StillImage,image/jpeg,eng,,
,,,,,,,,,,,,,Image;StillImage,image/jpeg,eng,,
,,,,,,,,,,,,,Image;StillImage,image/jpeg,eng,,
,,,,,,,,,,,,,Image;StillImage,image/jpeg,eng,,
,,,,,,,,,,,,,Image;StillImage,image/jpeg,eng,,
,,,,,,,,,,,,,Image;StillImage,image/jpeg,eng,,
,,,,,,,,,,,,,Image;StillImage,image/jpeg,eng,,
,,,,,,,,,,,,,Image;StillImage,image/jpeg,eng,,
,,,,,,,,,,,,,Image;StillImage,image/jpeg,eng,,
,,,,,,,,,,,,,Image;StillImage,image/jpeg,eng,,
,,,,,,,,,,,,,Image;StillImage,image/jpeg,eng,,
,,,,,,,,,,,,,Image;StillImage,image/jpeg,eng,,
,,,,,,,,,,,,,Image;StillImage,image/jpeg,eng,,
,,,,,,,,,,,,,Image;StillImage,image/jpeg,eng,,
,,,,,,,,,,,,,Image;StillImage,image/jpeg,eng,,
,,,,,,,,,,,,,Image;StillImage,image/jpeg,eng,,
,,,,,,,,,,,,,Image;StillImage,image/jpeg,eng,,
,,,,,,,,,,,,,Image;StillImage,image/jpeg,eng,,
,,,,,,,,,,,,,Image;StillImage,image/jpeg,eng,,
,,,,,,,,,,,,,Image;StillImage,image/jpeg,eng,,
,,,,,,,,,,,,,Image;StillImage,image/jpeg,eng,,
,,,,,,,,,,,,,Image;StillImage,image/jpeg,eng,,
,,,,,,,,,,,,,Image;StillImage,image/jpeg,eng,,
,,,,,,,,,,,,,Image;StillImage,image/jpeg,eng,,
,,,,,,,,,,,,,Image;StillImage,image/jpeg,eng,,
,,,,,,,,,,,,,Image;StillImage,image/jpeg,eng,,
,,,,,,,,,,,,,Image;StillImage,image/jpeg,eng,,
,,,,,,,,,,,,,Image;StillImage,image/jpeg,eng,,
,,,,,,,,,,,,,Image;StillImage,image/jpeg,eng,,
,,,,,,,,,,,,,Image;StillImage,image/jpeg,eng,,
,,,,,,,,,,,,,Image;StillImage,image/jpeg,eng,,
,,,,,,,,,,,,,Image;StillImage,image/jpeg,eng,,
,,,,,,,,,,,,,Image;StillImage,image/jpeg,eng,,
,,,,,,,,,,,,,Image;StillImage,image/jpeg,eng,,
,,,,,,,,,,,,,Image;StillImage,image/jpeg,eng,,
,,,,,,,,,,,,,Image;StillImage,image/jpeg,eng,,
,,,,,,,,,,,,,Image;StillImage,image/jpeg,eng,,
,,,,,,,,,,,,,Image;StillImage,image/jpeg,eng,,
,,,,,,,,,,,,,Image;StillImage,image/jpeg,eng,,
,,,,,,,,,,,,,Image;StillImage,image/jpeg,eng,,
,,,,,,,,,,,,,Image;StillImage,image/jpeg,eng,,
,,,,,,,,,,,,,Image;StillImage,image/jpeg,eng,,
,,,,,,,,,,,,,Image;StillImage,image/jpeg,eng,,
,,,,,,,,,,,,,Image;StillImage,image/jpeg,eng,,
,,,,,,,,,,,,,Image;StillImage,image/jpeg,eng,,
,,,,,,,,,,,,,Image;StillImage,image/jpeg,eng,,
,,,,,,,,,,,,,Image;StillImage,image/jpeg,eng,,
,,,,,,,,,,,,,Image;StillImage,image/jpeg,eng,,
,,,,,,,,,,,,,Image;StillImage,image/jpeg,eng,,
,,,,,,,,,,,,,Image;StillImage,image/jpeg,eng,,
,,,,,,,,,,,,,Image;StillImage,image/jpeg,eng,,
,,,,,,,,,,,,,Image;StillImage,image/jpeg,eng,,
,,,,,,,,,,,,,Image;StillImage,image/jpeg,eng,,
,,,,,,,,,,,,,Image;StillImage,image/jpeg,eng,,
,,,,,,,,,,,,,Image;StillImage,image/jpeg,eng,,
,,,,,,,,,,,,,Image;StillImage,image/jpeg,eng,,
,,,,,,,,,,,,,Image;StillImage,image/jpeg,eng,,
,,,,,,,,,,,,,Image;StillImage,image/jpeg,eng,,
,,,,,,,,,,,,,Image;StillImage,image/jpeg,eng,,
,,,,,,,,,,,,,Image;StillImage,image/jpeg,eng,,
,,,,,,,,,,,,,Image;StillImage,image/jpeg,eng,,
,,,,,,,,,,,,,Image;StillImage,image/jpeg,eng,,
,,,,,,,,,,,,,Image;StillImage,image/jpeg,eng,,
,,,,,,,,,,,,,Image;StillImage,image/jpeg,eng,,
,,,,,,,,,,,,,Image;StillImage,image/jpeg,eng,,
,,,,,,,,,,,,,Image;StillImage,image/jpeg,eng,,
,,,,,,,,,,,,,Image;StillImage,image/jpeg,eng,,
,,,,,,,,,,,,,Image;StillImage,image/jpeg,eng,,
,,,,,,,,,,,,,Image;StillImage,image/jpeg,eng,,
,,,,,,,,,,,,,Image;StillImage,image/jpeg,eng,,
,,,,,,,,,,,,,Image;StillImage,image/jpeg,eng,,
,,,,,,,,,,,,,Image;StillImage,image/jpeg,eng,,
,,,,,,,,,,,,,Image;StillImage,image/jpeg,eng,,
,,,,,,,,,,,,,Image;StillImage,image/jpeg,eng,,
,,,,,,,,,,,,,Image;StillImage,image/jpeg,eng,,
,,,,,,,,,,,,,Image;StillImage,image/jpeg,eng,,
,,,,,,,,,,,,,Image;StillImage,image/jpeg,eng,,
,,,,,,,,,,,,,Image;StillImage,image/jpeg,eng,,
,,,,,,,,,,,,,Image;StillImage,image/jpeg,eng,,
,,,,,,,,,,,,,Image;StillImage,image/jpeg,eng,,
,,,,,,,,,,,,,Image;StillImage,image/jpeg,eng,,
,,,,,,,,,,,,,Image;StillImage,image/jpeg,eng,,
,,,,,,,,,,,,,Image;StillImage,image/jpeg,eng,,
,,,,,,,,,,,,,Image;StillImage,image/jpeg,eng,,
,,,,,,,,,,,,,Image;StillImage,image/jpeg,eng,,
,,,,,,,,,,,,,Image;StillImage,image/jpeg,eng,,
,,,,,,,,,,,,,Image;StillImage,image/jpeg,eng,,
,,,,,,,,,,,,,Image;StillImage,image/jpeg,eng,,
,,,,,,,,,,,,,Image;StillImage,image/jpeg,eng,,
,,,,,,,,,,,,,Image;StillImage,image/jpeg,eng,,
,,,,,,,,,,,,,Image;StillImage,image/jpeg,eng,,
,,,,,,,,,,,,,Image;StillImage,image/jpeg,eng,,
,,,,,,,,,,,,,Image;StillImage,image/jpeg,eng,,
,,,,,,,,,,,,,Image;StillImage,image/jpeg,eng,,
,,,,,,,,,,,,,Image;StillImage,image/jpeg,eng,,
,,,,,,,,,,,,,Image;StillImage,image/jpeg,eng,,
,,,,,,,,,,,,,Image;StillImage,image/jpeg,eng,,
,,,,,,,,,,,,,Image;StillImage,image/jpeg,eng,,
,,,,,,,,,,,,,Image;StillImage,image/jpeg,eng,,
,,,,,,,,,,,,,Image;StillImage,image/jpeg,eng,,
,,,,,,,,,,,,,Image;StillImage,image/jpeg,eng,,
,,,,,,,,,,,,,Image;StillImage,image/jpeg,eng,,
,,,,,,,,,,,,,Image;StillImage,image/jpeg,eng,,
,,,,,,,,,,,,,Image;StillImage,image/jpeg,eng,,
,,,,,,,,,,,,,Image;StillImage,image/jpeg,eng,,
,,,,,,,,,,,,,Image;StillImage,image/jpeg,eng,,
,,,,,,,,,,,,,Image;StillImage,image/jpeg,eng,,
,,,,,,,,,,,,,Image;StillImage,image/jpeg,eng,,
,,,,,,,,,,,,,Image;StillImage,image/jpeg,eng,,
,,,,,,,,,,,,,Image;StillImage,image/jpeg,eng,,
,,,,,,,,,,,,,Image;StillImage,image/jpeg,eng,,
,,,,,,,,,,,,,Image;StillImage,image/jpeg,eng,,
,,,,,,,,,,,,,Image;StillImage,image/jpeg,eng,,
,,,,,,,,,,,,,Image;StillImage,image/jpeg,eng,,
,,,,,,,,,,,,,Image;StillImage,image/jpeg,eng,,
,,,,,,,,,,,,,Image;StillImage,image/jpeg,eng,,
,,,,,,,,,,,,,Image;StillImage,image/jpeg,eng,,
,,,,,,,,,,,,,Image;StillImage,image/jpeg,eng,,
,,,,,,,,,,,,,Image;StillImage,image/jpeg,eng,,
,,,,,,,,,,,,,Image;StillImage,image/jpeg,eng,,
,,,,,,,,,,,,,Image;StillImage,image/jpeg,eng,,
,,,,,,,,,,,,,Image;StillImage,image/jpeg,eng,,
,,,,,,,,,,,,,Image;StillImage,image/jpeg,eng,,
,,,,,,,,,,,,,Image;StillImage,image/jpeg,eng,,
,,,,,,,,,,,,,Image;StillImage,image/jpeg,eng,,
,,,,,,,,,,,,,Image;StillImage,image/jpeg,eng,,
,,,,,,,,,,,,,Image;StillImage,image/jpeg,eng,,
,,,,,,,,,,,,,Image;StillImage,image/jpeg,eng,,
,,,,,,,,,,,,,Image;StillImage,image/jpeg,eng,,
,,,,,,,,,,,,,Image;StillImage,image/jpeg,eng,,
,,,,,,,,,,,,,Image;StillImage,image/jpeg,eng,,
,,,,,,,,,,,,,Image;StillImage,image/jpeg,eng,,
,,,,,,,,,,,,,Image;StillImage,image/jpeg,eng,,
,,,,,,,,,,,,,Image;StillImage,image/jpeg,eng,,
,,,,,,,,,,,,,Image;StillImage,image/jpeg,eng,,
,,,,,,,,,,,,,Image;StillImage,image/jpeg,eng,,
,,,,,,,,,,,,,Image;StillImage,image/jpeg,eng,,
,,,,,,,,,,,,,Image;StillImage,image/jpeg,eng,,
,,,,,,,,,,,,,Image;StillImage,image/jpeg,eng,,
,,,,,,,,,,,,,Image;StillImage,image/jpeg,eng,,
,,,,,,,,,,,,,Image;StillImage,image/jpeg,eng,,
,,,,,,,,,,,,,Image;StillImage,image/jpeg,eng,,
,,,,,,,,,,,,,Image;StillImage,image/jpeg,eng,,
,,,,,,,,,,,,,Image;StillImage,image/jpeg,eng,,
,,,,,,,,,,,,,Image;StillImage,image/jpeg,eng,,
,,,,,,,,,,,,,Image;StillImage,image/jpeg,eng,,
,,,,,,,,,,,,,Image;StillImage,image/jpeg,eng,,
,,,,,,,,,,,,,Image;StillImage,image/jpeg,eng,,
,,,,,,,,,,,,,Image;StillImage,image/jpeg,eng,,
,,,,,,,,,,,,,Image;StillImage,image/jpeg,eng,,
,,,,,,,,,,,,,Image;StillImage,image/jpeg,eng,,
,,,,,,,,,,,,,Image;StillImage,image/jpeg,,,
,,,,,,,,,,,,,Image;StillImage,image/jpeg,,,
,,,,,,,,,,,,,Image;StillImage,image/jpeg,,,
,,,,,,,,,,,,,Image;StillImage,image/jpeg,,,
,,,,,,,,,,,,,Image;StillImage,image/jpeg,,,
,,,,,,,,,,,,,Image;StillImage,image/jpeg,,,
,,,,,,,,,,,,,Image;StillImage,image/jpeg,,,
,,,,,,,,,,,,,Image;StillImage,image/jpeg,,,
,,,,,,,,,,,,,Image;StillImage,image/jpeg,,,
,,,,,,,,,,,,,Image;StillImage,image/jpeg,,,
,,,,,,,,,,,,,Image;StillImage,image/jpeg,,,
,,,,,,,,,,,,,Image;StillImage,image/jpeg,,,
,,,,,,,,,,,,,Image;StillImage,image/jpeg,,,
,,,,,,,,,,,,,Image;StillImage,image/jpeg,,,
,,,,,,,,,,,,,Image;StillImage,image/jpeg,,,
,,,,,,,,,,,,,Image;StillImage,image/jpeg,,,
,,,,,,,,,,,,,Image;StillImage,image/jpeg,,,
,,,,,,,,,,,,,Image;StillImage,image/jpeg,,,
,,,,,,,,,,,,,Image;StillImage,image/jpeg,,,
,,,,,,,,,,,,,Image;StillImage,image/jpeg,,,
,,,,,,,,,,,,,Image;StillImage,image/jpeg,,,
,,,,,,,,,,,,,Image;StillImage,image/jpeg,,,
,,,,,,,,,,,,,Image;StillImage,image/jpeg,,,
,,,,,,,,,,,,,Image;StillImage,image/jpeg,,,
,,,,,,,,,,,,,Image;StillImage,image/jpeg,,,
,,,,,,,,,,,,,Image;StillImage,image/jpeg,,,
,,,,,,,,,,,,,Image;StillImage,image/jpeg,,,
,,,,,,,,,,,,,Image;StillImage,image/jpeg,,,
,,,,,,,,,,,,,Image;StillImage,image/jpeg,,,
,,,,,,,,,,,,,Image;StillImage,image/jpeg,,,
,,,,,,,,,,,,,Image;StillImage,image/jpeg,,,
,,,,,,,,,,,,,Image;StillImage,image/jpeg,,,
,,,,,,,,,,,,,Image;StillImage,image/jpeg,,,
,,,,,,,,,,,,,Image;StillImage,image/jpeg,,,
,,,,,,,,,,,,,Image;StillImage,image/jpeg,,,
,,,,,,,,,,,,,Image;StillImage,image/jpeg,,,
,,,,,,,,,,,,,Image;StillImage,image/jpeg,,,
,,,,,,,,,,,,,Image;StillImage,image/jpeg,,,
,,,,,,,,,,,,,Image;StillImage,image/jpeg,,,
,,,,,,,,,,,,,Image;StillImage,image/jpeg,,,
,,,,,,,,,,,,,Image;StillImage,image/jpeg,,,
,,,,,,,,,,,,,Image;StillImage,image/jpeg,,,
,,,,,,,,,,,,,Image;StillImage,image/jpeg,,,
,,,,,,,,,,,,,Image;StillImage,image/jpeg,,,
,,,,,,,,,,,,,Image;StillImage,image/jpeg,,,
,,,,,,,,,,,,,Image;StillImage,image/jpeg,,,
,,,,,,,,,,,,,Image;StillImage,image/jpeg,,,
,,,,,,,,,,,,,Image;StillImage,image/jpeg,,,
,,,,,,,,,,,,,Image;StillImage,image/jpeg,,,
,,,,,,,,,,,,,Image;StillImage,image/jpeg,,,
,,,,,,,,,,,,,Image;StillImage,image/jpeg,,,
,,,,,,,,,,,,,Image;StillImage,image/jpeg,,,
,,,,,,,,,,,,,Image;StillImage,image/jpeg,,,
,,,,,,,,,,,,,Image;StillImage,image/jpeg,,,
,,,,,,,,,,,,,Image;StillImage,image/jpeg,,,
,,,,,,,,,,,,,Image;StillImage,image/jpeg,,,
,,,,,,,,,,,,,Image;StillImage,image/jpeg,,,
,,,,,,,,,,,,,Image;StillImage,image/jpeg,,,
,,,,,,,,,,,,,Image;StillImage,image/jpeg,,,
,,,,,,,,,,,,,Image;StillImage,image/jpeg,,,
,,,,,,,,,,,,,Image;StillImage,image/jpeg,,,
,,,,,,,,,,,,,Image;StillImage,image/jpeg,,,
,,,,,,,,,,,,,Image;StillImage,image/jpeg,,,
,,,,,,,,,,,,,Image;StillImage,image/jpeg,,,
,,,,,,,,,,,,,Image;StillImage,image/jpeg,,,
,,,,,,,,,,,,,Image;StillImage,image/jpeg,,,
,,,,,,,,,,,,,Image;StillImage,image/jpeg,,,
,,,,,,,,,,,,,Image;StillImage,image/jpeg,,,
,,,,,,,,,,,,,Image;StillImage,image/jpeg,,,
,,,,,,,,,,,,,Image;StillImage,image/jpeg,,,
,,,,,,,,,,,,,Image;StillImage,image/jpeg,,,
,,,,,,,,,,,,,Image;StillImage,image/jpeg,,,
,,,,,,,,,,,,,Image;StillImage,image/jpeg,,,
,,,,,,,,,,,,,Image;StillImage,image/jpeg,,,
,,,,,,,,,,,,,Image;StillImage,image/jpeg,,,
,,,,,,,,,,,,,Image;StillImage,image/jpeg,,,
,,,,,,,,,,,,,Image;StillImage,image/jpeg,,,
,,,,,,,,,,,,,Image;StillImage,image/jpeg,,,
,,,,,,,,,,,,,Image;StillImage,image/jpeg,,,
,,,,,,,,,,,,,Image;StillImage,image/jpeg,,,
,,,,,,,,,,,,,Image;StillImage,image/jpeg,,,
,,,,,,,,,,,,,Image;StillImage,image/jpeg,,,
,,,,,,,,,,,,,Image;StillImage,image/jpeg,,,
,,,,,,,,,,,,,Image;StillImage,image/jpeg,,,
,,,,,,,,,,,,,Image;StillImage,image/jpeg,,,
,,,,,,,,,,,,,Image;StillImage,image/jpeg,,,
,,,,,,,,,,,,,Image;StillImage,image/jpeg,,,
,,,,,,,,,,,,,Image;StillImage,image/jpeg,,,
,,,,,,,,,,,,,Image;StillImage,image/jpeg,,,
,,,,,,,,,,,,,Image;StillImage,image/jpeg,,,
,,,,,,,,,,,,,Image;StillImage,image/jpeg,,,
,,,,,,,,,,,,,Image;StillImage,image/jpeg,,,
,,,,,,,,,,,,,Image;StillImage,image/jpeg,,,
,,,,,,,,,,,,,Image;StillImage,image/jpeg,,,
,,,,,,,,,,,,,Image;StillImage,image/jpeg,,,
,,,,,,,,,,,,,Image;StillImage,image/jpeg,,,
,,,,,,,,,,,,,Image;StillImage,image/jpeg,,,
,,,,,,,,,,,,,Image;StillImage,image/jpeg,,,
,,,,,,,,,,,,,Image;StillImage,image/jpeg,,,
,,,,,,,,,,,,,Image;StillImage,image/jpeg,,,
,,,,,,,,,,,,,Image;StillImage,image/jpeg,,,
,,,,,,,,,,,,,Image;StillImage,image/jpeg,,,
,,,,,,,,,,,,,Image;StillImage,image/jpeg,,,
,,,,,,,,,,,,,Image;StillImage,image/jpeg,,,
,,,,,,,,,,,,,Image;StillImage,image/jpeg,,,
,,,,,,,,,,,,,Image;StillImage,image/jpeg,,,
,,,,,,,,,,,,,Image;StillImage,image/jpeg,,,
,,,,,,,,,,,,,Image;StillImage,image/jpeg,,,
,,,,,,,,,,,,,Image;StillImage,image/jpeg,,,
,,,,,,,,,,,,,Image;StillImage,image/jpeg,,,
,,,,,,,,,,,,,Image;StillImage,image/jpeg,,,
,,,,,,,,,,,,,Image;StillImage,image/jpeg,,,
,,,,,,,,,,,,,Image;StillImage,image/jpeg,,,
,,,,,,,,,,,,,Image;StillImage,image/jpeg,,,
,,,,,,,,,,,,,Image;StillImage,image/jpeg,,,
,,,,,,,,,,,,,Image;StillImage,image/jpeg,,,
,,,,,,,,,,,,,Image;StillImage,image/jpeg,,,
,,,,,,,,,,,,,Image;StillImage,image/jpeg,,,
,,,,,,,,,,,,,Image;StillImage,image/jpeg,,,
,,,,,,,,,,,,,Image;StillImage,image/jpeg,,,
,,,,,,,,,,,,,Image;StillImage,image/jpeg,,,
,,,,,,,,,,,,,Image;StillImage,image/jpeg,,,
,,,,,,,,,,,,,Image;StillImage,image/jpeg,,,
,,,,,,,,,,,,,Image;StillImage,image/jpeg,,,
,,,,,,,,,,,,,Image;StillImage,image/jpeg,,,
,,,,,,,,,,,,,Image;StillImage,image/jpeg,,,
,,,,,,,,,,,,,Image;StillImage,image/jpeg,,,
,,,,,,,,,,,,,Image;StillImage,image/jpeg,,,
,,,,,,,,,,,,,Image;StillImage,image/jpeg,,,
,,,,,,,,,,,,,Image;StillImage,image/jpeg,,,
,,,,,,,,,,,,,Image;StillImage,image/jpeg,,,
,,,,,,,,,,,,,Image;StillImage,image/jpeg,,,
,,,,,,,,,,,,,Image;StillImage,image/jpeg,,,
,,,,,,,,,,,,,Image;StillImage,image/jpeg,,,
,,,,,,,,,,,,,Image;StillImage,image/jpeg,,,
,,,,,,,,,,,,,Image;StillImage,image/jpeg,,,
,,,,,,,,,,,,,Image;StillImage,image/jpeg,,,
,,,,,,,,,,,,,Image;StillImage,image/jpeg,,,
,,,,,,,,,,,,,Image;StillImage,image/jpeg,,,
,,,,,,,,,,,,,Image;StillImage,image/jpeg,,,
,,,,,,,,,,,,,Image;StillImage,image/jpeg,,,
,,,,,,,,,,,,,Image;StillImage,image/jpeg,,,
,,,,,,,,,,,,,Image;StillImage,image/jpeg,,,
,,,,,,,,,,,,,Image;StillImage,image/jpeg,,,
,,,,,,,,,,,,,Image;StillImage,image/jpeg,,,
,,,,,,,,,,,,,Image;StillImage,image/jpeg,,,
,,,,,,,,,,,,,Image;StillImage,image/jpeg,,,
,,,,,,,,,,,,,Image;StillImage,image/jpeg,,,
,,,,,,,,,,,,,Image;StillImage,image/jpeg,,,
,,,,,,,,,,,,,Image;StillImage,image/jpeg,,,
,,,,,,,,,,,,,Image;StillImage,image/jpeg,,,
,,,,,,,,,,,,,Image;StillImage,image/jpeg,,,
,,,,,,,,,,,,,Image;StillImage,image/jpeg,,,
,,,,,,,,,,,,,Image;StillImage,image/jpeg,,,
,,,,,,,,,,,,,Image;StillImage,image/jpeg,,,
,,,,,,,,,,,,,Image;StillImage,image/jpeg,,,
,,,,,,,,,,,,,Image;StillImage,image/jpeg,,,
,,,,,,,,,,,,,Image;StillImage,image/jpeg,,,
,,,,,,,,,,,,,Image;StillImage,image/jpeg,,,
,,,,,,,,,,,,,Image;StillImage,image/jpeg,,,
,,,,,,,,,,,,,Image;StillImage,image/jpeg,,,
,,,,,,,,,,,,,Image;StillImage,image/jpeg,,,
,,,,,,,,,,,,,Image;StillImage,image/jpeg,,,
,,,,,,,,,,,,,Image;StillImage,image/jpeg,,,
,,,,,,,,,,,,,Image;StillImage,image/jpeg,,,
,,,,,,,,,,,,,Image;StillImage,image/jpeg,,,
,,,,,,,,,,,,,Image;StillImage,image/jpeg,,,
,,,,,,,,,,,,,Image;StillImage,image/jpeg,,,
,,,,,,,,,,,,,Image;StillImage,image/jpeg,,,
,,,,,,,,,,,,,Image;StillImage,image/jpeg,,,
,,,,,,,,,,,,,Image;StillImage,image/jpeg,,,
,,,,,,,,,,,,,Image;StillImage,image/jpeg,,,
,,,,,,,,,,,,,Image;StillImage,image/jpeg,,,
,,,,,,,,,,,,,Image;StillImage,image/jpeg,,,
,,,,,,,,,,,,,Image;StillImage,image/jpeg,,,
,,,,,,,,,,,,,Image;StillImage,image/jpeg,,,
,,,,,,,,,,,,,Image;StillImage,image/jpeg,,,
,,,,,,,,,,,,,Image;StillImage,image/jpeg,,,
,,,,,,,,,,,,,Image;StillImage,image/jpeg,,,
,,,,,,,,,,,,,Image;StillImage,image/jpeg,,,
,,,,,,,,,,,,,Image;StillImage,image/jpeg,,,
,,,,,,,,,,,,,Image;StillImage,image/jpeg,,,
,,,,,,,,,,,,,Image;StillImage,image/jpeg,,,
,,,,,,,,,,,,,Image;StillImage,image/jpeg,,,
,,,,,,,,,,,,,Image;StillImage,image/jpeg,,,
,,,,,,,,,,,,,Image;StillImage,image/jpeg,,,
,,,,,,,,,,,,,Image;StillImage,image/jpeg,,,
,,,,,,,,,,,,,Image;StillImage,image/jpeg,,,
,,,,,,,,,,,,,Image;StillImage,image/jpeg,,,
,,,,,,,,,,,,,Image;StillImage,image/jpeg,,,
,,,,,,,,,,,,,Image;StillImage,image/jpeg,,,
,,,,,,,,,,,,,Image;StillImage,image/jpeg,,,
,,,,,,,,,,,,,Image;StillImage,image/jpeg,,,
,,,,,,,,,,,,,Image;StillImage,image/jpeg,,,
,,,,,,,,,,,,,Image;StillImage,image/jpeg,,,
,,,,,,,,,,,,,Image;StillImage,image/jpeg,,,
,,,,,,,,,,,,,Image;StillImage,image/jpeg,,,
,,,,,,,,,,,,,Image;StillImage,image/jpeg,,,
,,,,,,,,,,,,,Image;StillImage,image/jpeg,,,
,,,,,,,,,,,,,Image;StillImage,image/jpeg,,,
,,,,,,,,,,,,,Image;StillImage,image/jpeg,,,
,,,,,,,,,,,,,Image;StillImage,image/jpeg,,,
,,,,,,,,,,,,,Image;StillImage,image/jpeg,,,
,,,,,,,,,,,,,Image;StillImage,image/jpeg,,,
,,,,,,,,,,,,,Image;StillImage,image/jpeg,,,
,,,,,,,,,,,,,Image;StillImage,image/jpeg,,,
,,,,,,,,,,,,,Image;StillImage,image/jpeg,,,
,,,,,,,,,,,,,Image;StillImage,image/jpeg,,,
,,,,,,,,,,,,,Image;StillImage,image/jpeg,,,
,,,,,,,,,,,,,Image;StillImage,image/jpeg,,,
,,,,,,,,,,,,,Image;StillImage,image/jpeg,,,
,,,,,,,,,,,,,Image;StillImage,image/jpeg,,,
,,,,,,,,,,,,,Image;StillImage,image/jpeg,,,
,,,,,,,,,,,,,Image;StillImage,image/jpeg,,,
,,,,,,,,,,,,,Image;StillImage,image/jpeg,,,
,,,,,,,,,,,,,Image;StillImage,image/jpeg,,,
,,,,,,,,,,,,,Image;StillImage,image/jpeg,,,
,,,,,,,,,,,,,Image;StillImage,image/jpeg,,,
,,,,,,,,,,,,,Image;StillImage,image/jpeg,,,
,,,,,,,,,,,,,Image;StillImage,image/jpeg,,,
,,,,,,,,,,,,,Image;StillImage,image/jpeg,,,
,,,,,,,,,,,,,Image;StillImage,image/jpeg,,,
,,,,,,,,,,,,,Image;StillImage,image/jpeg,,,
,,,,,,,,,,,,,Image;StillImage,image/jpeg,,,
,,,,,,,,,,,,,Image;StillImage,image/jpeg,,,
,,,,,,,,,,,,,Image;StillImage,image/jpeg,,,
,,,,,,,,,,,,,Image;StillImage,image/jpeg,,,
,,,,,,,,,,,,,Image;StillImage,image/jpeg,,,
,,,,,,,,,,,,,Image;StillImage,image/jpeg,,,
,,,,,,,,,,,,,Image;StillImage,image/jpeg,,,
,,,,,,,,,,,,,Image;StillImage,image/jpeg,,,
,,,,,,,,,,,,,Image;StillImage,image/jpeg,,,
,,,,,,,,,,,,,Image;StillImage,image/jpeg,,,
,,,,,,,,,,,,,Image;StillImage,image/jpeg,,,
,,,,,,,,,,,,,Image;StillImage,image/jpeg,,,
,,,,,,,,,,,,,Image;StillImage,image/jpeg,,,
,,,,,,,,,,,,,Image;StillImage,image/jpeg,,,
,,,,,,,,,,,,,Image;StillImage,image/jpeg,,,
,,,,,,,,,,,,,Image;StillImage,image/jpeg,,,
,,,,,,,,,,,,,Image;StillImage,image/jpeg,,,
,,,,,,,,,,,,,Image;StillImage,image/jpeg,,,
,,,,,,,,,,,,,Image;StillImage,image/jpeg,,,
,,,,,,,,,,,,,Image;StillImage,image/jpeg,,,
,,,,,,,,,,,,,Image;StillImage,image/jpeg,,,
,,,,,,,,,,,,,Image;StillImage,image/jpeg,,,
,,,,,,,,,,,,,Image;StillImage,image/jpeg,,,
,,,,,,,,,,,,,Image;StillImage,image/jpeg,,,
,,,,,,,,,,,,,Image;StillImage,image/jpeg,,,
,,,,,,,,,,,,,Image;StillImage,image/jpeg,,,
,,,,,,,,,,,,,Image;StillImage,image/jpeg,,,
,,,,,,,,,,,,,Image;StillImage,image/jpeg,,,
,,,,,,,,,,,,,Image;StillImage,image/jpeg,,,
,,,,,,,,,,,,,Image;StillImage,image/jpeg,,,
,,,,,,,,,,,,,Image;StillImage,image/jpeg,,,
,,,,,,,,,,,,,Image;StillImage,image/jpeg,,,
,,,,,,,,,,,,,Image;StillImage,image/jpeg,,,
,,,,,,,,,,,,,Image;StillImage,image/jpeg,,,
,,,,,,,,,,,,,Image;StillImage,image/jpeg,,,
,,,,,,,,,,,,,Image;StillImage,image/jpeg,,,
,,,,,,,,,,,,,Image;StillImage,image/jpeg,,,
,,,,,,,,,,,,,Image;StillImage,image/jpeg,,,
,,,,,,,,,,,,,Image;StillImage,image/jpeg,,,
,,,,,,,,,,,,,Image;StillImage,image/jpeg,,,
,,,,,,,,,,,,,Image;StillImage,image/jpeg,,,
,,,,,,,,,,,,,Image;StillImage,image/jpeg,,,
,,,,,,,,,,,,,Image;StillImage,image/jpeg,,,
,,,,,,,,,,,,,Image;StillImage,image/jpeg,,,
,,,,,,,,,,,,,Image;StillImage,image/jpeg,,,
,,,,,,,,,,,,,Image;StillImage,image/jpeg,,,
,,,,,,,,,,,,,Image;StillImage,image/jpeg,,,
,,,,,,,,,,,,,Image;StillImage,image/jpeg,,,
,,,,,,,,,,,,,Image;StillImage,image/jpeg,,,
,,,,,,,,,,,,,Image;StillImage,image/jpeg,,,
,,,,,,,,,,,,,Image;StillImage,image/jpeg,,,
,,,,,,,,,,,,,Image;StillImage,image/jpeg,,,
,,,,,,,,,,,,,Image;StillImage,image/jpeg,,,
,,,,,,,,,,,,,Image;StillImage,image/jpeg,,,
,,,,,,,,,,,,,Image;StillImage,image/jpeg,,,
,,,,,,,,,,,,,Image;StillImage,image/jpeg,,,
,,,,,,,,,,,,,Image;StillImage,image/jpeg,,,
,,,,,,,,,,,,,Image;StillImage,image/jpeg,,,
,,,,,,,,,,,,,Image;StillImage,image/jpeg,,,
,,,,,,,,,,,,,Image;StillImage,image/jpeg,,,
,,,,,,,,,,,,,Image;StillImage,image/jpeg,,,
,,,,,,,,,,,,,Image;StillImage,image/jpeg,,,
,,,,,,,,,,,,,Image;StillImage,image/jpeg,,,
,,,,,,,,,,,,,Image;StillImage,image/jpeg,,,
,,,,,,,,,,,,,Image;StillImage,image/jpeg,,,
,,,,,,,,,,,,,,image/jpeg,,,
,,,,,,,,,,,,,,image/jpeg,,,
,,,,,,,,,,,,,,image/jpeg,,,
,,,,,,,,,,,,,,image/jpeg,,,
,,,,,,,,,,,,,,image/jpeg,,,
,,,,,,,,,,,,,,image/jpeg,,,
,,,,,,,,,,,,,,image/jpeg,,,
,,,,,,,,,,,,,,image/jpeg,,,
,,,,,,,,,,,,,,image/jpeg,,,
,,,,,,,,,,,,,,image/jpeg,,,
,,,,,,,,,,,,,,image/jpeg,,,
,,,,,,,,,,,,,,image/jpeg,,,
,,,,,,,,,,,,,,image/jpeg,,,
,,,,,,,,,,,,,,image/jpeg,,,
,,,,,,,,,,,,,,image/jpeg,,,
,,,,,,,,,,,,,,image/jpeg,,,
,,,,,,,,,,,,,,image/jpeg,,,
,,,,,,,,,,,,,,image/jpeg,,,
,,,,,,,,,,,,,,image/jpeg,,,
,,,,,,,,,,,,,,image/jpeg,,,
,,,,,,,,,,,,,,image/jpeg,,,
,,,,,,,,,,,,,,image/jpeg,,,
,,,,,,,,,,,,,,image/jpeg,,,
,,,,,,,,,,,,,,image/jpeg,,,
,,,,,,,,,,,,,,image/jpeg,,,
,,,,,,,,,,,,,,image/jpeg,,,
,,,,,,,,,,,,,,image/jpeg,,,
,,,,,,,,,,,,,,image/jpeg,,,
,,,,,,,,,,,,,,image/jpeg,,,
,,,,,,,,,,,,,,image/jpeg,,,
,,,,,,,,,,,,,,image/jpeg,,,
,,,,,,,,,,,,,,image/jpeg,,,
,,,,,,,,,,,,,,image/jpeg,,,
,,,,,,,,,,,,,,image/jpeg,,,
,,,,,,,,,,,,,,image/jpeg,,,
,,,,,,,,,,,,,,image/jpeg,,,
,,,,,,,,,,,,,,image/jpeg,,,
,,,,,,,,,,,,,,image/jpeg,,,
,,,,,,,,,,,,,,image/jpeg,,,
,,,,,,,,,,,,,,image/jpeg,,,
,,,,,,,,,,,,,,image/jpeg,,,
,,,,,,,,,,,,,,image/jpeg,,,
,,,,,,,,,,,,,,image/jpeg,,,
,,,,,,,,,,,,,,image/jpeg,,,
,,,,,,,,,,,,,,image/jpeg,,,
,,,,,,,,,,,,,,image/jpeg,,,
,,,,,,,,,,,,,,image/jpeg,,,
,,,,,,,,,,,,,,image/jpeg,,,
,,,,,,,,,,,,,,image/jpeg,,,
,,,,,,,,,,,,,,image/jpeg,,,
,,,,,,,,,,,,,,image/jpeg,,,
,,,,,,,,,,,,,,image/jpeg,,,
,,,,,,,,,,,,,,image/jpeg,,,
,,,,,,,,,,,,,,image/jpeg,,,
,,,,,,,,,,,,,,image/jpeg,,,
,,,,,,,,,,,,,,image/jpeg,,,
,,,,,,,,,,,,,,image/jpeg,,,
,,,,,,,,,,,,,,image/jpeg,,,
,,,,,,,,,,,,,,image/jpeg,,,
,,,,,,,,,,,,,,image/jpeg,,,
,,,,,,,,,,,,,,image/jpeg,,,
,,,,,,,,,,,,,,image/jpeg,,,
,,,,,,,,,,,,,,image/jpeg,,,
,,,,,,,,,,,,,,image/jpeg,,,
,,,,,,,,,,,,,,image/jpeg,,,
,,,,,,,,,,,,,,image/jpeg,,,
,,,,,,,,,,,,,,image/jpeg,,,
,,,,,,,,,,,,,,image/jpeg,,,
,,,,,,,,,,,,,,image/jpeg,,,
,,,,,,,,,,,,,,image/jpeg,,,
,,,,,,,,,,,,,,image/jpeg,,,
,,,,,,,,,,,,,,image/jpeg,,,
,,,,,,,,,,,,,,image/jpeg,,,
,,,,,,,,,,,,,,image/jpeg,,,
,,,,,,,,,,,,,,image/jpeg,,,
,,,,,,,,,,,,,,image/jpeg,,,
,,,,,,,,,,,,,,image/jpeg,,,
,,,,,,,,,,,,,,image/jpeg,,,
,,,,,,,,,,,,,,image/jpeg,,,
,,,,,,,,,,,,,,image/jpeg,,,
,,,,,,,,,,,,,,image/jpeg,,,
,,,,,,,,,,,,,,image/jpeg,,,
,,,,,,,,,,,,,,image/jpeg,,,
,,,,,,,,,,,,,,image/jpeg,,,
,,,,,,,,,,,,,,image/jpeg,,,
,,,,,,,,,,,,,,image/jpeg,,,
,,,,,,,,,,,,,,image/jpeg,,,
,,,,,,,,,,,,,,image/jpeg,,,
,,,,,,,,,,,,,,image/jpeg,,,
,,,,,,,,,,,,,,image/jpeg,,,
,,,,,,,,,,,,,,image/jpeg,,,
,,,,,,,,,,,,,,image/jpeg,,,
,,,,,,,,,,,,,,image/jpeg,,,
,,,,,,,,,,,,,,image/jpeg,,,
,,,,,,,,,,,,,,image/jpeg,,,
,,,,,,,,,,,,,,image/jpeg,,,
,,,,,,,,,,,,,,image/jpeg,,,
,,,,,,,,,,,,,,image/jpeg,,,
,,,,,,,,,,,,,,image/jpeg,,,
,,,,,,,,,,,,,,image/jpeg,,,
,,,,,,,,,,,,,,image/jpeg,,,
,,,,,,,,,,,,,,image/jpeg,,,
,,,,,,,,,,,,,,image/jpeg,,,
,,,,,,,,,,,,,,image/jpeg,,,
,,,,,,,,,,,,,,image/jpeg,,,
,,,,,,,,,,,,,,image/jpeg,,,
,,,,,,,,,,,,,,image/jpeg,,,
,,,,,,,,,,,,,,image/jpeg,,,
,,,,,,,,,,,,,,image/jpeg,,,
,,,,,,,,,,,,,,image/jpeg,,,
,,,,,,,,,,,,,,image/jpeg,,,
,,,,,,,,,,,,,,image/jpeg,,,
,,,,,,,,,,,,,,image/jpeg,,,
,,,,,,,,,,,,,,image/jpeg,,,
,,,,,,,,,,,,,,image/jpeg,,,
,,,,,,,,,,,,,,image/jpeg,,,
,,,,,,,,,,,,,,image/jpeg,,,
,,,,,,,,,,,,,,image/jpeg,,,
,,,,,,,,,,,,,,image/jpeg,,,
,,,,,,,,,,,,,,image/jpeg,,,
,,,,,,,,,,,,,,image/jpeg,,,
,,,,,,,,,,,,,,image/jpeg,,,
,,,,,,,,,,,,,,image/jpeg,,,
,,,,,,,,,,,,,,image/jpeg,,,
,,,,,,,,,,,,,,image/jpeg,,,
,,,,,,,,,,,,,,image/jpeg,,,
,,,,,,,,,,,,,,image/jpeg,,,
,,,,,,,,,,,,,,image/jpeg,,,
,,,,,,,,,,,,,,image/jpeg,,,
,,,,,,,,,,,,,,image/jpeg,,,
,,,,,,,,,,,,,,image/jpeg,,,
,,,,,,,,,,,,,,image/jpeg,,,
,,,,,,,,,,,,,,image/jpeg,,,
,,,,,,,,,,,,,,image/jpeg,,,
,,,,,,,,,,,,,,image/jpeg,,,
,,,,,,,,,,,,,,image/jpeg,,,
,,,,,,,,,,,,,,image/jpeg,,,
,,,,,,,,,,,,,,image/jpeg,,,
,,,,,,,,,,,,,,image/jpeg,,,
,,,,,,,,,,,,,,image/jpeg,,,